LIPID_ID,IL_SMILES,IL_head_id,IL_head_SMILES,Isocyanide_id,Isocyanide_SMILES,Ketone_id,Ketone_SMILES,Carboxylic_acid_id,Carboxylic_SMILES,ARCHITECTURE,REACTION_TYP
LNPhub_2V00000001,CCCCN(CCCC)CCCN(C(=O)C1[C@H]2C[C@@H]3C[C@@H](C[C@H]1C3)C2)C(CCCC(=O)OC1CCC[C@@H]2CCCC[C@H]12)(CCCC(=O)OC1CCC[C@@H]2CCCC[C@H]12)C(=O)NC12C[C@H]3C[C@@H](C1)C[C@@H](C2)C3,A34,N(CCCC)(CCCC)CCCN,Is7,NC12C[C@H]3C[C@H](C[C@H](C3)C1)C2,K6,OC8[C@H]9CCCC[C@H]9CCC8,Ac29,C(=O)C1[C@H]2C[C@@H]3C[C@H](C2)C[C@H]1C3,ARCH_HEAD_LINKER_TAILA_TAILB,4CR
LNPhub_2V00000002,CCCCCCCCCCCCCC(=O)N(CCCN1CCCCC1CC)C(CCCC(=O)OCC(CCCC)CCCCCC)(CCCC(=O)OCC(CCCC)CCCCCC)C(=O)NCC(=O)OCC,A36,C1(CC)CCCCN1CCCN,Is1,NCC(=O)OCC,K22,OCC(CCCC)CCCCCC,Ac12,C(=O)CCCCCCCCCCCCC,ARCH_HEAD_LINKER_TAILA_TAILB,4CR
LNPhub_2V00000003,C=C1CC[C](OC(=O)CCCC(CCCC(=O)O[C]2CCC(=C)/C(=C\C=C3/CCC[C@]4(C)[C]([C](C)CCCC(C)C)CC[C]34)C2)(C(=O)NCC(=O)OCCCCCCCC/C=C\C/C=C\CCCCC)N(CCCN(C)CO)C(=O)C(CCCC)CCCC)C/C1=C/C=C1\CCC[C@]2(C)[C]([C](C)CCCC(C)C)CC[C]12,A35,OCN(C)CCCN,Is9,NCC(=O)OCCCCCCCC/C=C\C/C=C\CCCCC,K30,O[C@@]1CCC(=C)/C(C1)=C\C=C2/CCC[C@]3(C)[C@]([C@](C)CCCC(C)C)CC[C@@]23,Ac48,C(=O)C(CCCC)CCCC,ARCH_HEAD_LINKER_TAILA_TAILB,4CR
LNPhub_2V00000004,C=C1CC[C](OC(=O)CCCC(CCCC(=O)O[C]2CCC(=C)/C(=C\C=C3/CCC[C@@]4(C)[C]3CC[C]4[C@@H](C)/C=C/[C@H](C)C(C)C)C2)(C(=O)NC23C[C@H]4C[C@@H](C2)C[C@@H](C3)C4)N(CCCN2CCN(C)CC2)C(=O)CC/C=C\C/C=C\C/C=C\C/C=C\C/C=C\C/C=C\CC)C/C1=C/C=C1\CCC[C@@]2(C)[C]1CC[C]2[C@@H](C)/C=C/[C@H](C)C(C)C,A3,C1CN(C)CCN1CCCN,Is7,NC12C[C@H]3C[C@H](C[C@H](C3)C1)C2,K29,O[C@@]1CCC(=C)/C(C1)=C\C=C2/CCC[C@@]3(C)[C@]2CC[C@]3[C@@H](C)/C=C/[C@H](C)C(C)C,Ac22,C(=O)CC/C=C\C/C=C\C/C=C\C/C=C\C/C=C\C/C=C\CC,ARCH_HEAD_LINKER_TAILA_TAILB,4CR
LNPhub_2V00000005,C=C(C)[C]1CC[C](C)C[C]1OC(=O)CCCC(CCCC(=O)O[C]1C[C](C)CC[C]1C(=C)C)(C(=O)NCCCn1cccn1)N(CCN1CCCCC1)C(=O)CCCCCCCCCCCCCC,A19,C1CCCCN1CCN,Is8,NCCCn1nccc1,K9,O[C@@]7[C@@](C(=C)C)CC[C@](C)C7,Ac13,C(=O)CCCCCCCCCCCCCC,ARCH_HEAD_LINKER_TAILA_TAILB,4CR
LNPhub_2V00000006,CCC(C)(CCCC(C)C)OC(=O)CCCC(CCCC(=O)OC(C)(CC)CCCC(C)C)(C(=O)NCCCn1cccn1)N(CC(C)(C)CN(C)C)C(C)=O,A29,CN(C)CC(C)(C)CN,Is8,NCCCn1nccc1,K24,OC(C)(CC)CCCC(C)C,Ac0,C(=O)C,ARCH_HEAD_LINKER_TAILA_TAILB,4CR
LNPhub_2V00000007,CCCCCCCC/C=C\CCCCCCCCN(C(=O)C1CC1)C(CCCC(=O)OC/C=C(\C)CCC=C(C)C)(CCCC(=O)OC/C=C(\C)CCC=C(C)C)C(=O)NC(C)(C)C,A0,N(CCCCCCCC/C=C\CCCCCCCC),Is3,NC(C)(C)C,K15,OC/C=C(C)/CCC=C(C)C,Ac36,C(=O)C8CC8,ARCH_HEAD_LINKER_TAILA_TAILB,4CR
LNPhub_2V00000008,CCCCCCOC(=O)CCCC(CCCC(=O)OCCCCCC)(C(=O)NCC(=O)OCC)N(C(=O)C12CC3C[C@@](C)(C1)C[C@](C)(C3)C2)C1[C@H]2C[C@@H]3C[C@@H](C[C@H]1C3)C2,A7,N(C1[C@@H]2C[C@H]3C[C@@H](C2)C[C@@H]1C3),Is1,NCC(=O)OCC,K35,OCCCCCC,Ac34,C(=O)C78C[C@]9(C)CC(C7)C[C@](C9)(C)C8,ARCH_HEAD_LINKER_TAILA_TAILB,4CR
LNPhub_2V00000009,CC/C=C\CCC(=O)N(C(C)(C)CNCCO)C(CCCC(=O)OCCCCCCCC)(CCCC(=O)OCCCCCCCC)C(=O)NC1[C@H]2C[C@@H]3C[C@@H](C[C@H]1C3)C2,A39,OCCNCC(C)(C)N,Is10,NC1[C@H]2C[C@@H]3C[C@H](C2)C[C@H]1C3,K37,OCCCCCCCC,Ac33,C(=O)CC/C=C\CC,ARCH_HEAD_LINKER_TAILA_TAILB,4CR
LNPhub_2V00000010,CCCN1CCC(CCN(C(=O)C2CC2)C(CCCC(=O)OC23C[C@H]4C[C@@H](C2)C[C@@H](C3)C4)(CCCC(=O)OC23C[C@H]4C[C@@H](C2)C[C@@H](C3)C4)C(=O)NCCCn2cccn2)CC1,A30,C1CN(CCC)CCC1CCN,Is8,NCCCn1nccc1,K50,OC12C[C@H]3C[C@H](C[C@H](C3)C1)C2,Ac36,C(=O)C8CC8,ARCH_HEAD_LINKER_TAILA_TAILB,4CR
LNPhub_2V00000011,CCCCC(CC)COC(=O)CCCC(CCCC(=O)OCC(CC)CCCC)(C(=O)NCC(=O)OC(C)(C)C)N(CCCN(CCCC)CCCC)C(=O)CC,A34,N(CCCC)(CCCC)CCCN,Is2,NCC(=O)OC(C)(C)C,K27,OCC(CC)CCCC,Ac1,C(=O)CC,ARCH_HEAD_LINKER_TAILA_TAILB,4CR
LNPhub_2V00000012,C=C1CC[C](OC(=O)CCCC(CCCC(=O)O[C]2CCC(=C)/C(=C\C=C3/CCC[C@@]4(C)[C]3CC[C]4[C@@H](C)/C=C/[C@H](C)C(C)C)C2)(C(=O)NC2[C@H]3C[C@@H]4C[C@@H](C[C@H]2C4)C3)N(CCN(CCO)CCO)C(=O)C(CCCC)CCCC)C/C1=C/C=C1\CCC[C@@]2(C)[C]1CC[C]2[C@@H](C)/C=C/[C@H](C)C(C)C,A44,N(CCO)(CCO)CCN,Is10,NC1[C@H]2C[C@@H]3C[C@H](C2)C[C@H]1C3,K29,O[C@@]1CCC(=C)/C(C1)=C\C=C2/CCC[C@@]3(C)[C@]2CC[C@]3[C@@H](C)/C=C/[C@H](C)C(C)C,Ac48,C(=O)C(CCCC)CCCC,ARCH_HEAD_LINKER_TAILA_TAILB,4CR
LNPhub_2V00000013,C=C1CC[C](OC(=O)CCCC(CCCC(=O)O[C]2CCC(=C)/C(=C\C=C3/CCC[C@@]4(C)[C]3CC[C]4[C@@H](C)/C=C/[C@H](C)C(C)C)C2)(C(=O)NC23C[C@H]4C[C@@H](C2)C[C@@H](C3)C4)N(C(=O)C23CC4C[C@@](C)(C2)C[C@](C)(C4)C3)C(C)CCCN(CC)CC)C/C1=C/C=C1\CCC[C@@]2(C)[C]1CC[C]2[C@@H](C)/C=C/[C@H](C)C(C)C,A9,CCN(CC)CCCC(C)N,Is7,NC12C[C@H]3C[C@H](C[C@H](C3)C1)C2,K29,O[C@@]1CCC(=C)/C(C1)=C\C=C2/CCC[C@@]3(C)[C@]2CC[C@]3[C@@H](C)/C=C/[C@H](C)C(C)C,Ac34,C(=O)C78C[C@]9(C)CC(C7)C[C@](C9)(C)C8,ARCH_HEAD_LINKER_TAILA_TAILB,4CR
LNPhub_2V00000014,CCCCCCC(=O)N(CCCN(CC)CC)C(CCCC(=O)OCC(CC)CCCC)(CCCC(=O)OCC(CC)CCCC)C(=O)NC12C[C@H]3C[C@@H](C1)C[C@@H](C2)C3,A11,N(CC)(CC)CCCN,Is7,NC12C[C@H]3C[C@H](C[C@H](C3)C1)C2,K27,OCC(CC)CCCC,Ac5,C(=O)CCCCCC,ARCH_HEAD_LINKER_TAILA_TAILB,4CR
LNPhub_2V00000015,CCCCCCCCC/C=C\CCCCCCCCOC(=O)CCCC(CCCC(=O)OCCCCCCCC/C=C\CCCCCCCCC)(C(=O)NC12C[C@H]3C[C@@H](C1)C[C@@H](C2)C3)N(CCCN1CCCCC1CC)C(=O)C(CCCC)CC(C)C,A36,C1(CC)CCCCN1CCCN,Is7,NC12C[C@H]3C[C@H](C[C@H](C3)C1)C2,K1,OCCCCCCCC/C=C\CCCCCCCCC,Ac45,C(=O)C(CCCC)CC(C)C,ARCH_HEAD_LINKER_TAILA_TAILB,4CR
LNPhub_2V00000016,CCCCCCCC/C=C\CCCCCCCCNC(=O)C(CCCC(=O)OCC(CCCCCCCCCC)CCCCCCCCCCCC)(CCCC(=O)OCC(CCCCCCCCCC)CCCCCCCCCCCC)N(CCC(C)N(C)CC)C(=O)C1CC1,A21,CCN(C)C(C)CCN,Is6,NCCCCCCCC/C=C\CCCCCCCC,K21,OCC(CCCCCCCCCCCC)CCCCCCCCCC,Ac36,C(=O)C8CC8,ARCH_HEAD_LINKER_TAILA_TAILB,4CR
LNPhub_2V00000017,CCCC(CCC)C(=O)N(CCN1CCCN(C)CC1)C(CCCC(=O)O[C@H]1C[C@@H]2CC[C@H]1C2)(CCCC(=O)O[C@H]1C[C@@H]2CC[C@H]1C2)C(=O)NCCCn1cccn1,A16,C1CN(C)CCCN1CCN,Is8,NCCCn1nccc1,K7,O[C@H]1C[C@@H]2CC[C@H]1C2,Ac49,C(=O)C(CCC)CCC,ARCH_HEAD_LINKER_TAILA_TAILB,4CR
LNPhub_2V00000018,CCCCC/C=C\C/C=C\C/C=C\C/C=C\CCCC(=O)N(CCN1CCOCC1)C(CCCC(=O)OCC(CCCCCC)CCCCCCCC)(CCCC(=O)OCC(CCCCCC)CCCCCCCC)C(=O)NCC(=O)OCCCCCCCC/C=C\C/C=C\CCCCC,A51,C1COCCN1CCN,Is9,NCC(=O)OCCCCCCCC/C=C\C/C=C\CCCCC,K19,OCC(CCCCCCCC)CCCCCC,Ac23,C(=O)CCC/C=C\C/C=C\C/C=C\C/C=C\CCCCC,ARCH_HEAD_LINKER_TAILA_TAILB,4CR
LNPhub_2V00000019,CC/C=C\CCC(=O)N(C12C[C@H]3C[C@@H](C1)C[C@@H](C2)C3)C(CCCC(=O)OCCCCCCCCC)(CCCC(=O)OCCCCCCCCC)C(=O)NCCCCCCCC/C=C\CCCCCCCC,A40,N(C12C[C@H]3C[C@H](C[C@H](C3)C1)C2),Is6,NCCCCCCCC/C=C\CCCCCCCC,K38,OCCCCCCCCC,Ac33,C(=O)CC/C=C\CC,ARCH_HEAD_LINKER_TAILA_TAILB,4CR
LNPhub_2V00000020,CCCCCCOC(=O)CCCC(CCCC(=O)OCCCCCC)(C(=O)NCC(=O)OC(C)(C)C)N(CCCN(CCCC)CCCC)C(=O)C1CCCCCC1,A34,N(CCCC)(CCCC)CCCN,Is2,NCC(=O)OC(C)(C)C,K35,OCCCCCC,Ac40,C(=O)C8CCCCCC8,ARCH_HEAD_LINKER_TAILA_TAILB,4CR
LNPhub_2V00000021,CCCCCCCCCCCOC(=O)CCCC(CCCC(=O)OCCCCCCCCCCC)(C(=O)NCC(=O)OC)N(CCN1CCCN(C)CC1)C(=O)CCCCCC(C)(C)C,A16,C1CN(C)CCCN1CCN,Is0,NCC(=O)OC,K40,OCCCCCCCCCCC,Ac50,C(=O)CCCCCC(C)(C)C,ARCH_HEAD_LINKER_TAILA_TAILB,4CR
LNPhub_2V00000022,C=C1CC[C](OC(=O)CCCC(CCCC(=O)O[C]2CCC(=C)/C(=C\C=C3/CCC[C@]4(C)[C]([C](C)CCCC(C)C)CC[C]34)C2)(C(=O)NC(C)(C)C)N(CCN(CCO)CCO)C(=O)C=C(C)/C=C/C=C(C)/C=C/C2=C(C)CCCC2(C)C)C/C1=C/C=C1\CCC[C@]2(C)[C]([C](C)CCCC(C)C)CC[C]12,A44,N(CCO)(CCO)CCN,Is3,NC(C)(C)C,K30,O[C@@]1CCC(=C)/C(C1)=C\C=C2/CCC[C@]3(C)[C@]([C@](C)CCCC(C)C)CC[C@@]23,Ac43,C(=O)/C=C(C)/C=C/C=C(C)/C=C/C1=C(C)\CCCC1(C)(C),ARCH_HEAD_LINKER_TAILA_TAILB,4CR
LNPhub_2V00000023,CCOC(=O)CNC(=O)C(CCCC(=O)O[C@H]1C[C@@H]2CC[C@H]1C2)(CCCC(=O)O[C@H]1C[C@@H]2CC[C@H]1C2)N(CCN1CCCCCC1)C(=O)C1CCCCC1,A27,C1CCCCCN1CCN,Is1,NCC(=O)OCC,K7,O[C@H]1C[C@@H]2CC[C@H]1C2,Ac39,C(=O)C8CCCCC8,ARCH_HEAD_LINKER_TAILA_TAILB,4CR
LNPhub_2V00000024,CCCCCCCC/C=C\CCCCCCCCNC(=O)C(CCCC(=O)OCCCCCCCCCCCCCC)(CCCC(=O)OCCCCCCCCCCCCCC)N(Cc1cccnc1)C(=O)CCCCCCCCCCCCC,A52,c1ccncc1CN,Is6,NCCCCCCCC/C=C\CCCCCCCC,K43,OCCCCCCCCCCCCCC,Ac12,C(=O)CCCCCCCCCCCCC,ARCH_HEAD_LINKER_TAILA_TAILB,4CR
LNPhub_2V00000025,CCOC(=O)CNC(=O)C(CCCC(=O)OC/C=C(\C)CCC=C(C)C)(CCCC(=O)OC/C=C(\C)CCC=C(C)C)N(C(=O)C[C@H](C)CCC=C(C)C)C12C[C@H]3C[C@@H](C1)C[C@@H](C2)C3,A40,N(C12C[C@H]3C[C@H](C[C@H](C3)C1)C2),Is1,NCC(=O)OCC,K15,OC/C=C(C)/CCC=C(C)C,Ac44,C(=O)C[C@H](C)CCC=C(C)C,ARCH_HEAD_LINKER_TAILA_TAILB,4CR
LNPhub_2V00000026,CCCCCCCCC(CCCCCC)C(=O)N(CCN1CCCCC1CC)C(CCCC(=O)OCCCCCCC)(CCCC(=O)OCCCCCCC)C(=O)NCCCn1cccn1,A41,C1(CC)CCCCN1CCN,Is8,NCCCn1nccc1,K36,OCCCCCCC,Ac18,C(=O)C(CCCCCC)CCCCCCCC,ARCH_HEAD_LINKER_TAILA_TAILB,4CR
LNPhub_2V00000027,CCCCCCCC/C=C\CCCCCCCC(=O)N(CCN1CCCCC1)C(CCCC(=O)OCC(CC)CCCC)(CCCC(=O)OCC(CC)CCCC)C(=O)NCCCn1cccn1,A19,C1CCCCN1CCN,Is8,NCCCn1nccc1,K27,OCC(CC)CCCC,Ac19,C(=O)CCCCCCC/C=C\CCCCCCCC,ARCH_HEAD_LINKER_TAILA_TAILB,4CR
LNPhub_2V00000028,CCCCCCCCCCCCCCCCOC(=O)CCCC(CCCC(=O)OCCCCCCCCCCCCCCCC)(C(=O)NCC(=O)OCC)N(CCCN1CCOCC1)C(=O)C12C[C@H]3C[C@@H](C1)C[C@@H](C2)C3,A50,C1COCCN1CCCN,Is1,NCC(=O)OCC,K45,OCCCCCCCCCCCCCCCC,Ac31,C(=O)C12C[C@H]3C[C@H](C[C@H](C3)C1)C2,ARCH_HEAD_LINKER_TAILA_TAILB,4CR
LNPhub_2V00000029,CC/C=C\C/C=C\C/C=C\C/C=C\C/C=C\C/C=C\CCC(=O)N(CCCN1CCCCC1)C(CCCC(=O)OCCCCCCC)(CCCC(=O)OCCCCCCC)C(=O)NC(C)(C)C,A17,C1CCCCN1CCCN,Is3,NC(C)(C)C,K36,OCCCCCCC,Ac22,C(=O)CC/C=C\C/C=C\C/C=C\C/C=C\C/C=C\C/C=C\CC,ARCH_HEAD_LINKER_TAILA_TAILB,4CR
LNPhub_2V00000030,C[C](CCC=C(C)C)CC(=O)N(CCn1ccnc1)C(CCCC(=O)OC1CCC[C@@H]2CCCC[C@H]12)(CCCC(=O)OC1CCC[C@@H]2CCCC[C@H]12)C(=O)NC12C[C@H]3C[C@@H](C1)C[C@@H](C2)C3,A45,c1cncn1CCN,Is7,NC12C[C@H]3C[C@H](C[C@H](C3)C1)C2,K6,OC8[C@H]9CCCC[C@H]9CCC8,Ac53,C(=O)C[C@@](C)CCC=C(C)C,ARCH_HEAD_LINKER_TAILA_TAILB,4CR
LNPhub_2V00000031,C=C1CC[C](OC(=O)CCCC(CCCC(=O)O[C]2CCC(=C)/C(=C\C=C3/CCC[C@@]4(C)[C]3CC[C]4[C@@H](C)/C=C/[C@H](C)C(C)C)C2)(C(=O)NCCCCCCCC/C=C\CCCCCCCC)N(CCC(C)N(C)CC)C(=O)CCCCCCCC/C=C\CCCC)C/C1=C/C=C1\CCC[C@@]2(C)[C]1CC[C]2[C@@H](C)/C=C/[C@H](C)C(C)C,A21,CCN(C)C(C)CCN,Is6,NCCCCCCCC/C=C\CCCCCCCC,K29,O[C@@]1CCC(=C)/C(C1)=C\C=C2/CCC[C@@]3(C)[C@]2CC[C@]3[C@@H](C)/C=C/[C@H](C)C(C)C,Ac28,C(=O)CCCCCCCC/C=C\CCCC,ARCH_HEAD_LINKER_TAILA_TAILB,4CR
LNPhub_2V00000032,CCCCCCCC/C=C\CCCCCCCC(=O)N(C(C)C12C[C@H]3C[C@@H](C1)C[C@@H](C2)C3)C(CCCC(=O)OCC(CC)CCCC)(CCCC(=O)OCC(CC)CCCC)C(=O)NCC(=O)OC(C)(C)C,A42,N(C(C)C12C[C@H]3C[C@H](C[C@H](C3)C1)C2),Is2,NCC(=O)OC(C)(C)C,K27,OCC(CC)CCCC,Ac19,C(=O)CCCCCCC/C=C\CCCCCCCC,ARCH_HEAD_LINKER_TAILA_TAILB,4CR
LNPhub_2V00000033,C=C(C)[C]1CC=C(COC(=O)CCCC(CCCC(=O)OCC2=CC[C](C(=C)C)CC2)(C(=O)NCC(=O)OC(C)(C)C)N(CCn2cccn2)C(=O)CCCCC)CC1,A4,n1cccn1CCN,Is2,NCC(=O)OC(C)(C)C,K11,OCC7=CC[C@](C(=C)C)CC7,Ac4,C(=O)CCCCC,ARCH_HEAD_LINKER_TAILA_TAILB,4CR
LNPhub_2V00000034,CCCCCCCCCC(=O)N(CCC(C)N(C)CC)C(CCCC(=O)OC(C1CCCCC1)(C1CCCCC1)C1CCCCC1)(CCCC(=O)OC(C1CCCCC1)(C1CCCCC1)C1CCCCC1)C(=O)NCC(=O)OCC,A21,CCN(C)C(C)CCN,Is1,NCC(=O)OCC,K18,OC(C7CCCCC7)(C8CCCCC8)C9CCCCC9,Ac8,C(=O)CCCCCCCCC,ARCH_HEAD_LINKER_TAILA_TAILB,4CR
LNPhub_2V00000035,COC(=O)CNC(=O)C(CCCC(=O)OC/C=C(\C)CC/C=C(\C)CCC=C(C)C)(CCCC(=O)OC/C=C(\C)CC/C=C(\C)CCC=C(C)C)N(CCCCN1CCCCC1)C(=O)CC1[C@H]2C[C@@H]3C[C@@H](C[C@H]1C3)C2,A12,C1CCCCN1CCCCN,Is0,NCC(=O)OC,K13,OC/C=C(C)/CC/C=C(C)/CCC=C(C)C,Ac30,C(=O)CC1[C@H]2C[C@@H]3C[C@H](C2)C[C@H]1C3,ARCH_HEAD_LINKER_TAILA_TAILB,4CR
LNPhub_2V00000036,CCCCCCCC(CCCCC)COC(=O)CCCC(CCCC(=O)OCC(CCCCC)CCCCCCC)(C(=O)NCC(=O)OCC)N(CCCN1CCCCC1CC)C(=O)C1CCCCC1,A36,C1(CC)CCCCN1CCCN,Is1,NCC(=O)OCC,K25,OCC(CCCCC)CCCCCCC,Ac39,C(=O)C8CCCCC8,ARCH_HEAD_LINKER_TAILA_TAILB,4CR
LNPhub_2V00000037,CC/C=C\C/C=C\C/C=C\C/C=C\C/C=C\CCCC(=O)N(CCN1CCCCC1)C(CCCC(=O)OCCCCCCCCCCCCCCCC)(CCCC(=O)OCCCCCCCCCCCCCCCC)C(=O)NCC(=O)OCCCCCCCC/C=C\C/C=C\CCCCC,A19,C1CCCCN1CCN,Is9,NCC(=O)OCCCCCCCC/C=C\C/C=C\CCCCC,K45,OCCCCCCCCCCCCCCCC,Ac24,C(=O)CCC/C=C\C/C=C\C/C=C\C/C=C\C/C=C\CC,ARCH_HEAD_LINKER_TAILA_TAILB,4CR
LNPhub_2V00000038,CCCCCC(=O)N(CCCN1CCN(CCCO)CC1)C(CCCC(=O)OCC(CCC)CCC)(CCCC(=O)OCC(CCC)CCC)C(=O)NC1[C@H]2C[C@@H]3C[C@@H](C[C@H]1C3)C2,A26,C1CN(CCCO)CCN1CCCN,Is10,NC1[C@H]2C[C@@H]3C[C@H](C2)C[C@H]1C3,K26,OCC(CCC)CCC,Ac4,C(=O)CCCCC,ARCH_HEAD_LINKER_TAILA_TAILB,4CR
LNPhub_2V00000039,CCCC/C=C\CCCCCCCCC(=O)N(CCCCCCCC/C=C\CCCCCCCC)C(CCCC(=O)OCC)(CCCC(=O)OCC)C(=O)NC1CCCCC1,A0,N(CCCCCCCC/C=C\CCCCCCCC),Is4,NC1CCCCC1,K32,OCC,Ac28,C(=O)CCCCCCCC/C=C\CCCC,ARCH_HEAD_LINKER_TAILA_TAILB,4CR
LNPhub_2V00000040,CCCCCCCCCCCCCCCCCCOC(=O)CCCC(CCCC(=O)OCCCCCCCCCCCCCCCCCC)(C(=O)NCCCC)N(CCC1CCN(CC)CC1)C(=O)C1CCCC1,A28,C1CN(CC)CCC1CCN,Is5,NCCCC,K47,OCCCCCCCCCCCCCCCCCC,Ac38,C(=O)C8CCCC8,ARCH_HEAD_LINKER_TAILA_TAILB,4CR
LNPhub_2V00000041,CCCCC/C=C\C/C=C\CCCCCCCCOC(=O)CNC(=O)C(CCCC(=O)OCCCCCC)(CCCC(=O)OCCCCCC)N(CCN1CCCCC1CC)C(=O)CCCCCCCCCCCCC,A41,C1(CC)CCCCN1CCN,Is9,NCC(=O)OCCCCCCCC/C=C\C/C=C\CCCCC,K35,OCCCCCC,Ac12,C(=O)CCCCCCCCCCCCC,ARCH_HEAD_LINKER_TAILA_TAILB,4CR
LNPhub_2V00000042,CCCCCCCCCCCCCCC(=O)N(CCCN(CCCC)CCCC)C(CCCC(=O)OCC(CCCCCCCCCC)CCCCCCCCCCCC)(CCCC(=O)OCC(CCCCCCCCCC)CCCCCCCCCCCC)C(=O)NCCCC,A34,N(CCCC)(CCCC)CCCN,Is5,NCCCC,K21,OCC(CCCCCCCCCCCC)CCCCCCCCCC,Ac13,C(=O)CCCCCCCCCCCCCC,ARCH_HEAD_LINKER_TAILA_TAILB,4CR
LNPhub_2V00000043,CCCCCCOC(=O)CCCC(CCCC(=O)OCCCCCC)(C(=O)NC1CCCCC1)N(C(=O)C1[C@H]2C[C@@H]3C[C@@H](C[C@H]1C3)C2)C(C)(C)CNCCO,A39,OCCNCC(C)(C)N,Is4,NC1CCCCC1,K35,OCCCCCC,Ac29,C(=O)C1[C@H]2C[C@@H]3C[C@H](C2)C[C@H]1C3,ARCH_HEAD_LINKER_TAILA_TAILB,4CR
LNPhub_2V00000044,C=C(C)[C]1CC=C(COC(=O)CCCC(CCCC(=O)OCC2=CC[C](C(=C)C)CC2)(C(=O)NCC(=O)OCC)N(CCC(C)N(C)CC)C(=O)C(CCCCCC)CCCCCCCC)CC1,A21,CCN(C)C(C)CCN,Is1,NCC(=O)OCC,K11,OCC7=CC[C@](C(=C)C)CC7,Ac18,C(=O)C(CCCCCC)CCCCCCCC,ARCH_HEAD_LINKER_TAILA_TAILB,4CR
LNPhub_2V00000045,CC/C=C\C/C=C\C/C=C\CCCCCCCCC(=O)N(C(C)(C)CN(C)C)C(CCCC(=O)OCC1C[C@H]2C=C[C@@H]1C2)(CCCC(=O)OCC1C[C@H]2C=C[C@@H]1C2)C(=O)NC(C)(C)C,A23,CN(C)CC(C)(C)N,Is3,NC(C)(C)C,K8,OCC1C[C@@H]2C[C@H]1C=C2,Ac21,C(=O)CCCCCCCC/C=C\C/C=C\C/C=C\CC,ARCH_HEAD_LINKER_TAILA_TAILB,4CR
LNPhub_2V00000046,CCCCCCCC/C=C\CCCCCCCC(=O)N(CCCN(C(C)C)C(C)C)C(CCCC(=O)OCCCCCC)(CCCC(=O)OCCCCCC)C(=O)NCCCn1cccn1,A37,N(C(C)C)(C(C)C)CCCN,Is8,NCCCn1nccc1,K35,OCCCCCC,Ac19,C(=O)CCCCCCC/C=C\CCCCCCCC,ARCH_HEAD_LINKER_TAILA_TAILB,4CR
LNPhub_2V00000047,CCCCC/C=C\C/C=C\CCCCCCCCOC(=O)CCCC(CCCC(=O)OCCCCCCCC/C=C\C/C=C\CCCCC)(C(=O)NCC(=O)OCCCCCCCC/C=C\C/C=C\CCCCC)N(C(=O)C1CCCCCCCCCC1)C1[C@H]2C[C@@H]3C[C@@H](C[C@H]1C3)C2,A7,N(C1[C@@H]2C[C@H]3C[C@@H](C2)C[C@@H]1C3),Is9,NCC(=O)OCCCCCCCC/C=C\C/C=C\CCCCC,K0,OCCCCCCCC/C=C\C/C=C\CCCCC,Ac41,C(=O)C8CCCCCCCCCC8,ARCH_HEAD_LINKER_TAILA_TAILB,4CR
LNPhub_2V00000048,CCCCNC(=O)C(CCCC(=O)OC1[C@H]2C[C@@H]3C[C@@H](C[C@H]1C3)C2)(CCCC(=O)OC1[C@H]2C[C@@H]3C[C@@H](C[C@H]1C3)C2)N(C(C)=O)C1CCN(C)CC1,A25,C1CN(C)CCC1N,Is5,NCCCC,K48,OC1[C@H]2C[C@@H]3C[C@H](C2)C[C@H]1C3,Ac0,C(=O)C,ARCH_HEAD_LINKER_TAILA_TAILB,4CR
LNPhub_2V00000049,COC(=O)CNC(=O)C(CCCC(=O)OC(C1CCCCC1)(C1CCCCC1)C1CCCCC1)(CCCC(=O)OC(C1CCCCC1)(C1CCCCC1)C1CCCCC1)N(CC(C)(C)CN(C)C)C(=O)C[C@H](C)CCC=C(C)C,A29,CN(C)CC(C)(C)CN,Is0,NCC(=O)OC,K18,OC(C7CCCCC7)(C8CCCCC8)C9CCCCC9,Ac44,C(=O)C[C@H](C)CCC=C(C)C,ARCH_HEAD_LINKER_TAILA_TAILB,4CR
LNPhub_2V00000050,CCCCCCCCCCCCCOC(=O)CCCC(CCCC(=O)OCCCCCCCCCCCCC)(C(=O)NC1CCCCC1)N(CCCN1CCCCCC1)C(=O)[C@@H]1C[C@H]2C=C[C@@H]1C2,A20,C1CCCCCN1CCCN,Is4,NC1CCCCC1,K42,OCCCCCCCCCCCCC,Ac52,C(=O)[C@@H]1C[C@@H]2C[C@H]1C=C2,ARCH_HEAD_LINKER_TAILA_TAILB,4CR
LNPhub_2V00000051,CCCCCCCOC(=O)CCCC(CCCC(=O)OCCCCCCC)(C(=O)NCCCn1cccn1)N(CCCN1CCCCC1)C(=O)C[C](C)CCC=C(C)C,A17,C1CCCCN1CCCN,Is8,NCCCn1nccc1,K36,OCCCCCCC,Ac53,C(=O)C[C@@](C)CCC=C(C)C,ARCH_HEAD_LINKER_TAILA_TAILB,4CR
LNPhub_2V00000052,CCCCCCCCC(CCCCCCCC)OC(=O)CCCC(CCCC(=O)OC(CCCCCCCC)CCCCCCCC)(C(=O)NCCCC)N(CCn1ccnc1)C(=O)C(CCC)CCC,A45,c1cncn1CCN,Is5,NCCCC,K3,OC(CCCCCCCC)CCCCCCCC,Ac49,C(=O)C(CCC)CCC,ARCH_HEAD_LINKER_TAILA_TAILB,4CR
LNPhub_2V00000053,CCCCCCCC/C=C\CCCCCCCCN(C(=O)C(CCC)CCC)C(CCCC(=O)OCC(CCCCC)CCCCCCC)(CCCC(=O)OCC(CCCCC)CCCCCCC)C(=O)NC1CCCCC1,A0,N(CCCCCCCC/C=C\CCCCCCCC),Is4,NC1CCCCC1,K25,OCC(CCCCC)CCCCCCC,Ac49,C(=O)C(CCC)CCC,ARCH_HEAD_LINKER_TAILA_TAILB,4CR
LNPhub_2V00000054,CCCCC/C=C\C/C=C\CCCCCCCCOC(=O)CCCC(CCCC(=O)OCCCCCCCC/C=C\C/C=C\CCCCC)(C(=O)NC1[C@H]2C[C@@H]3C[C@@H](C[C@H]1C3)C2)N(CCN(CCC)CCC)C(=O)CCCC,A33,CCCN(CCC)CCN,Is10,NC1[C@H]2C[C@@H]3C[C@H](C2)C[C@H]1C3,K0,OCCCCCCCC/C=C\C/C=C\CCCCC,Ac3,C(=O)CCCC,ARCH_HEAD_LINKER_TAILA_TAILB,4CR
LNPhub_2V00000055,CC/C=C\C/C=C\C/C=C\C/C=C\C/C=C\C/C=C\CCC(=O)N(CCCN(CCC)CCC)C(CCCC(=O)OCCCCCCCC/C=C\C/C=C\CCCCC)(CCCC(=O)OCCCCCCCC/C=C\C/C=C\CCCCC)C(=O)NCCCCCCCC/C=C\CCCCCCCC,A32,N(CCC)(CCC)CCCN,Is6,NCCCCCCCC/C=C\CCCCCCCC,K0,OCCCCCCCC/C=C\C/C=C\CCCCC,Ac22,C(=O)CC/C=C\C/C=C\C/C=C\C/C=C\C/C=C\C/C=C\CC,ARCH_HEAD_LINKER_TAILA_TAILB,4CR
LNPhub_2V00000056,CCCCC/C=C\C/C=C\CCCCCCCCOC(=O)CNC(=O)C(CCCC(=O)OCCCCCCCCCCCCCCCCCC)(CCCC(=O)OCCCCCCCCCCCCCCCCCC)N(CCCN1CCN(C)CC1)C(=O)CCCCCCCCC/C=C\CCCCCCCC,A3,C1CN(C)CCN1CCCN,Is9,NCC(=O)OCCCCCCCC/C=C\C/C=C\CCCCC,K47,OCCCCCCCCCCCCCCCCCC,Ac27,C(=O)CCCCCCCCC/C=C\CCCCCCCC,ARCH_HEAD_LINKER_TAILA_TAILB,4CR
LNPhub_2V00000057,CCCCCCCC/C=C\CCCCCCCCNC(=O)C(CCCC(=O)OCCC(C)CCCC(C)C)(CCCC(=O)OCCC(C)CCCC(C)C)N(CCC1CCN(CC)CC1)C(=O)CCCCCCCCCCCCCC,A28,C1CN(CC)CCC1CCN,Is6,NCCCCCCCC/C=C\CCCCCCCC,K23,OCCC(C)CCCC(C)C,Ac13,C(=O)CCCCCCCCCCCCCC,ARCH_HEAD_LINKER_TAILA_TAILB,4CR
LNPhub_2V00000058,CCCCCCCCCCCCCCCCCCC(=O)N(CCC1CCN(CCC)CC1)C(CCCC(=O)OC)(CCCC(=O)OC)C(=O)NCCCn1cccn1,A30,C1CN(CCC)CCC1CCN,Is8,NCCCn1nccc1,K31,OC,Ac17,C(=O)CCCCCCCCCCCCCCCCCC,ARCH_HEAD_LINKER_TAILA_TAILB,4CR
LNPhub_2V00000059,CC/C=C\C/C=C\C/C=C\C/C=C\C/C=C\C/C=C\CCC(=O)N(CCN1CCC(CC)CC1)C(CCCC(=O)OCCCC)(CCCC(=O)OCCCC)C(=O)NCCCC,A38,C1CC(CC)CCN1CCN,Is5,NCCCC,K34,OCCCC,Ac22,C(=O)CC/C=C\C/C=C\C/C=C\C/C=C\C/C=C\C/C=C\CC,ARCH_HEAD_LINKER_TAILA_TAILB,4CR
LNPhub_2V00000060,CCCCCCCCCOC(=O)CCCC(CCCC(=O)OCCCCCCCCC)(C(=O)NCC(=O)OCC)N(CCCN1CCN(CCCO)CC1)C(=O)C(CCCCCC)CCCCCCCC,A26,C1CN(CCCO)CCN1CCCN,Is1,NCC(=O)OCC,K38,OCCCCCCCCC,Ac18,C(=O)C(CCCCCC)CCCCCCCC,ARCH_HEAD_LINKER_TAILA_TAILB,4CR
LNPhub_2V00000061,CC(C)N(CCCN(C(=O)C1[C@H]2C[C@@H]3C[C@@H](C[C@H]1C3)C2)C(CCCC(=O)OC1CCC[C@@H]2CCCC[C@H]12)(CCCC(=O)OC1CCC[C@@H]2CCCC[C@H]12)C(=O)NCCCn1cccn1)C(C)C,A37,N(C(C)C)(C(C)C)CCCN,Is8,NCCCn1nccc1,K6,OC8[C@H]9CCCC[C@H]9CCC8,Ac29,C(=O)C1[C@H]2C[C@@H]3C[C@H](C2)C[C@H]1C3,ARCH_HEAD_LINKER_TAILA_TAILB,4CR
LNPhub_2V00000062,CC(C)=CCC/C(C)=C\COC(=O)CCCC(CCCC(=O)OC/C=C(/C)CCC=C(C)C)(C(=O)NC1[C@H]2C[C@@H]3C[C@@H](C[C@H]1C3)C2)N(C(=O)C12CC3C[C@@](C)(C1)C[C@](C)(C3)C2)C12C[C@H]3C[C@@H](C1)C[C@@H](C2)C3,A40,N(C12C[C@H]3C[C@H](C[C@H](C3)C1)C2),Is10,NC1[C@H]2C[C@@H]3C[C@H](C2)C[C@H]1C3,K16,OC/C=C(C)\CCC=C(C)C,Ac34,C(=O)C78C[C@]9(C)CC(C7)C[C@](C9)(C)C8,ARCH_HEAD_LINKER_TAILA_TAILB,4CR
LNPhub_2V00000063,CCCCCCCCCCOC(=O)CCCC(CCCC(=O)OCCCCCCCCCC)(C(=O)NC1CCCCC1)N(CCCCCN(C(C)C)C(C)C)C(=O)C(CCC)CCC,A31,CC(C)N(C(C)C)CCCCCN,Is4,NC1CCCCC1,K39,OCCCCCCCCCC,Ac49,C(=O)C(CCC)CCC,ARCH_HEAD_LINKER_TAILA_TAILB,4CR
LNPhub_2V00000064,CCCCCCCCC(CCCCCCCC)C(=O)N(CCCCCN(C)C)C(CCCC(=O)OC12C[C@H]3C[C@@H](C1)C[C@@H](C2)C3)(CCCC(=O)OC12C[C@H]3C[C@@H](C1)C[C@@H](C2)C3)C(=O)NCCCC,A2,N(C)(C)CCCCCN,Is5,NCCCC,K50,OC12C[C@H]3C[C@H](C[C@H](C3)C1)C2,Ac47,C(=O)C(CCCCCCCC)CCCCCCCC,ARCH_HEAD_LINKER_TAILA_TAILB,4CR
LNPhub_2V00000065,CCCCCC(CCCC)C(=O)N(CCCN(CCO)CCO)C(CCCC(=O)OC/C=C(\C)CC/C=C(\C)CCC=C(C)C)(CCCC(=O)OC/C=C(\C)CC/C=C(\C)CCC=C(C)C)C(=O)NC12C[C@H]3C[C@@H](C1)C[C@@H](C2)C3,A46,OCCN(CCO)CCCN,Is7,NC12C[C@H]3C[C@H](C[C@H](C3)C1)C2,K13,OC/C=C(C)/CC/C=C(C)/CCC=C(C)C,Ac54,C(=O)C(CCCC)CCCCC,ARCH_HEAD_LINKER_TAILA_TAILB,4CR
LNPhub_2V00000066,CCCCCCCC(=O)N(C1CCN(Cc2ccccc2)CC1)C(CCCC(=O)OCCC)(CCCC(=O)OCCC)C(=O)NCCCC,A49,C1CN(Cc2ccccc2)CCC1N,Is5,NCCCC,K33,OCCC,Ac6,C(=O)CCCCCCC,ARCH_HEAD_LINKER_TAILA_TAILB,4CR
LNPhub_2V00000067,CCCCC/C=C\C/C=C\CCCCCCCCOC(=O)CNC(=O)C(CCCC(=O)OC(CCCCCCCC)CCCCCCCC)(CCCC(=O)OC(CCCCCCCC)CCCCCCCC)N(CCCN1CCN(CCCO)CC1)C(=O)C(CCCC)CCCCCC,A26,C1CN(CCCO)CCN1CCCN,Is9,NCC(=O)OCCCCCCCC/C=C\C/C=C\CCCCC,K3,OC(CCCCCCCC)CCCCCCCC,Ac46,C(=O)C(CCCCCC)CCCC,ARCH_HEAD_LINKER_TAILA_TAILB,4CR
LNPhub_2V00000068,CCCCCCCC(CCCCC)COC(=O)CCCC(CCCC(=O)OCC(CCCCC)CCCCCCC)(C(=O)NC1CCCCC1)N(CCN(CCO)CCO)C(=O)CCCCCC(C)(C)C,A44,N(CCO)(CCO)CCN,Is4,NC1CCCCC1,K25,OCC(CCCCC)CCCCCCC,Ac50,C(=O)CCCCCC(C)(C)C,ARCH_HEAD_LINKER_TAILA_TAILB,4CR
LNPhub_2V00000069,C=C1CC[C](OC(=O)CCCC(CCCC(=O)O[C]2CCC(=C)/C(=C\C=C3/CCC[C@]4(C)[C]([C](C)CCCC(C)C)CC[C]34)C2)(C(=O)NCCCn2cccn2)N(CCC2CCN(CCC)CC2)C(=O)C2CCCCCCCCCCC2)C/C1=C/C=C1\CCC[C@]2(C)[C]([C](C)CCCC(C)C)CC[C]12,A30,C1CN(CCC)CCC1CCN,Is8,NCCCn1nccc1,K30,O[C@@]1CCC(=C)/C(C1)=C\C=C2/CCC[C@]3(C)[C@]([C@](C)CCCC(C)C)CC[C@@]23,Ac42,C(=O)C8CCCCCCCCCCC8,ARCH_HEAD_LINKER_TAILA_TAILB,4CR
LNPhub_2V00000070,CCCCC/C=C\C/C=C\CCCCCCCCOC(=O)CNC(=O)C(CCCC(=O)OCCC(C)CCCC(C)C)(CCCC(=O)OCCC(C)CCCC(C)C)N(CCN1CCCC1)C(=O)CCCCCCCCC/C=C\CCCCCCCC,A13,C1CCCN1CCN,Is9,NCC(=O)OCCCCCCCC/C=C\C/C=C\CCCCC,K23,OCCC(C)CCCC(C)C,Ac27,C(=O)CCCCCCCCC/C=C\CCCCCCCC,ARCH_HEAD_LINKER_TAILA_TAILB,4CR
LNPhub_2V00000071,CCCCCCCCC/C=C\CCCCCCCCOC(=O)CCCC(CCCC(=O)OCCCCCCCC/C=C\CCCCCCCCC)(C(=O)NC(C)(C)C)N(CCCN1CCOCC1)C(=O)C[C@H](C)CCC=C(C)C,A50,C1COCCN1CCCN,Is3,NC(C)(C)C,K1,OCCCCCCCC/C=C\CCCCCCCCC,Ac44,C(=O)C[C@H](C)CCC=C(C)C,ARCH_HEAD_LINKER_TAILA_TAILB,4CR
LNPhub_2V00000072,C=C1CC[C](OC(=O)CCCC(CCCC(=O)O[C]2CCC(=C)/C(=C\C=C3/CCC[C@@]4(C)[C]3CC[C]4[C@@H](C)/C=C/[C@H](C)C(C)C)C2)(C(=O)NCCCn2cccn2)N(CC(C)CN(C)C)C(=O)CCCCCC)C/C1=C/C=C1\CCC[C@@]2(C)[C]1CC[C]2[C@@H](C)/C=C/[C@H](C)C(C)C,A15,CN(C)CC(C)CN,Is8,NCCCn1nccc1,K29,O[C@@]1CCC(=C)/C(C1)=C\C=C2/CCC[C@@]3(C)[C@]2CC[C@]3[C@@H](C)/C=C/[C@H](C)C(C)C,Ac5,C(=O)CCCCCC,ARCH_HEAD_LINKER_TAILA_TAILB,4CR
LNPhub_2V00000073,CCCCC(CC(C)C)C(=O)N(CCCn1cccn1)C(CCCC(=O)O[C@@H]1C[C@H]2CC[C@]1(C)C2(C)C)(CCCC(=O)O[C@@H]1C[C@H]2CC[C@]1(C)C2(C)C)C(=O)NCC(=O)OC,A1,n1cccn1CCCN,Is0,NCC(=O)OC,K4,O[C@H]1[C@@](C)2CC[C@@H](C(C)(C)2)C1,Ac45,C(=O)C(CCCC)CC(C)C,ARCH_HEAD_LINKER_TAILA_TAILB,4CR
LNPhub_2V00000074,CCCCCCCC/C=C\CCCCCCCCNC(=O)C(CCCC(=O)OCCCCCCCCCCCC)(CCCC(=O)OCCCCCCCCCCCC)N(C(=O)CCCCCCCC)C(C)(C)CNCCO,A39,OCCNCC(C)(C)N,Is6,NCCCCCCCC/C=C\CCCCCCCC,K41,OCCCCCCCCCCCC,Ac7,C(=O)CCCCCCCC,ARCH_HEAD_LINKER_TAILA_TAILB,4CR
LNPhub_2V00000075,CC/C=C\C/C=C\C/C=C\C/C=C\C/C=C\C/C=C\CCC(=O)N(C(C)C12C[C@H]3C[C@@H](C1)C[C@@H](C2)C3)C(CCCC(=O)OCC(CCCCC)CCCCCCC)(CCCC(=O)OCC(CCCCC)CCCCCCC)C(=O)NCC(=O)OCC,A42,N(C(C)C12C[C@H]3C[C@H](C[C@H](C3)C1)C2),Is1,NCC(=O)OCC,K25,OCC(CCCCC)CCCCCCC,Ac22,C(=O)CC/C=C\C/C=C\C/C=C\C/C=C\C/C=C\C/C=C\CC,ARCH_HEAD_LINKER_TAILA_TAILB,4CR
LNPhub_2V00000076,CCCCC/C=C\C/C=C\C/C=C\C/C=C\CCCC(=O)N(CCC1CCN(CC)CC1)C(CCCC(=O)OCC1C[C@H]2C=C[C@@H]1C2)(CCCC(=O)OCC1C[C@H]2C=C[C@@H]1C2)C(=O)NC1[C@H]2C[C@@H]3C[C@@H](C[C@H]1C3)C2,A28,C1CN(CC)CCC1CCN,Is10,NC1[C@H]2C[C@@H]3C[C@H](C2)C[C@H]1C3,K8,OCC1C[C@@H]2C[C@H]1C=C2,Ac23,C(=O)CCC/C=C\C/C=C\C/C=C\C/C=C\CCCCC,ARCH_HEAD_LINKER_TAILA_TAILB,4CR
LNPhub_2V00000077,CC/C=C\C/C=C\C/C=C\CCCCCCCCC(=O)N(CCCN1CCCC1)C(CCCC(=O)OCCC1=CC[C]2C[C]1C2(C)C)(CCCC(=O)OCCC1=CC[C]2C[C]1C2(C)C)C(=O)NC1[C@H]2C[C@@H]3C[C@@H](C[C@H]1C3)C2,A6,C1CCCN1CCCN,Is10,NC1[C@H]2C[C@@H]3C[C@H](C2)C[C@H]1C3,K12,OCCC7=CC[C@@]8C[C@]7(C8(C)C),Ac21,C(=O)CCCCCCCC/C=C\C/C=C\C/C=C\CC,ARCH_HEAD_LINKER_TAILA_TAILB,4CR
LNPhub_2V00000078,CCCCC/C=C\C/C=C\CCCCCCCC(=O)N(CCCn1cccn1)C(CCCC(=O)OC)(CCCC(=O)OC)C(=O)NCCCCCCCC/C=C\CCCCCCCC,A1,n1cccn1CCCN,Is6,NCCCCCCCC/C=C\CCCCCCCC,K31,OC,Ac20,C(=O)CCCCCCC/C=C\C/C=C\CCCCC,ARCH_HEAD_LINKER_TAILA_TAILB,4CR
LNPhub_2V00000079,CCCCCCCC/C=C\CCCCCCCCCC(=O)N(CCN(CCC)CCC)C(CCCC(=O)OCCCCCCCCCCC)(CCCC(=O)OCCCCCCCCCCC)C(=O)NCCCn1cccn1,A33,CCCN(CCC)CCN,Is8,NCCCn1nccc1,K40,OCCCCCCCCCCC,Ac27,C(=O)CCCCCCCCC/C=C\CCCCCCCC,ARCH_HEAD_LINKER_TAILA_TAILB,4CR
LNPhub_2V00000080,CCCC/C=C\CCCCCCCCC(=O)N(CCCN1CCN(C)CC1)C(CCCC(=O)OCCCCCCCCCCC)(CCCC(=O)OCCCCCCCCCCC)C(=O)NC12C[C@H]3C[C@@H](C1)C[C@@H](C2)C3,A3,C1CN(C)CCN1CCCN,Is7,NC12C[C@H]3C[C@H](C[C@H](C3)C1)C2,K40,OCCCCCCCCCCC,Ac28,C(=O)CCCCCCCC/C=C\CCCC,ARCH_HEAD_LINKER_TAILA_TAILB,4CR
LNPhub_2V00000081,CCCCNC(=O)C(CCCC(=O)OC1[C@H]2C[C@@H]3C[C@@H](C[C@H]1C3)C2)(CCCC(=O)OC1[C@H]2C[C@@H]3C[C@@H](C[C@H]1C3)C2)N(C(=O)C1[C@H]2C[C@@H]3C[C@@H](C[C@H]1C3)C2)C1CCN(C)CC1,A25,C1CN(C)CCC1N,Is5,NCCCC,K48,OC1[C@H]2C[C@@H]3C[C@H](C2)C[C@H]1C3,Ac29,C(=O)C1[C@H]2C[C@@H]3C[C@H](C2)C[C@H]1C3,ARCH_HEAD_LINKER_TAILA_TAILB,4CR
LNPhub_2V00000082,CCC(CN(C(=O)C12CC3C[C@@](C)(C1)C[C@](C)(C3)C2)C(CCCC(=O)OC1CCC[C@@H]2CCCC[C@H]12)(CCCC(=O)OC1CCC[C@@H]2CCCC[C@H]12)C(=O)NC(C)(C)C)N(C)C,A24,CN(C)C(CC)CN,Is3,NC(C)(C)C,K6,OC8[C@H]9CCCC[C@H]9CCC8,Ac34,C(=O)C78C[C@]9(C)CC(C7)C[C@](C9)(C)C8,ARCH_HEAD_LINKER_TAILA_TAILB,4CR
LNPhub_2V00000083,CCCCCCCCC/C=C\CCCCCCCCOC(=O)CCCC(CCCC(=O)OCCCCCCCC/C=C\CCCCCCCCC)(C(=O)NCC(=O)OC(C)(C)C)N(CCN1CCS(=O)(=O)CC1)C(=O)C12C[C@H]3C[C@@H](C1)C[C@@H](C2)C3,A47,C1CS(=O)(=O)CCN1CCN,Is2,NCC(=O)OC(C)(C)C,K1,OCCCCCCCC/C=C\CCCCCCCCC,Ac31,C(=O)C12C[C@H]3C[C@H](C[C@H](C3)C1)C2,ARCH_HEAD_LINKER_TAILA_TAILB,4CR
LNPhub_2V00000084,CCCCCCCCCCCC(=O)N(C12C[C@H]3C[C@@H](C1)C[C@@H](C2)C3)C(CCCC(=O)OCC(CC)CCCC)(CCCC(=O)OCC(CC)CCCC)C(=O)NCC(=O)OC,A40,N(C12C[C@H]3C[C@H](C[C@H](C3)C1)C2),Is0,NCC(=O)OC,K27,OCC(CC)CCCC,Ac10,C(=O)CCCCCCCCCCC,ARCH_HEAD_LINKER_TAILA_TAILB,4CR
LNPhub_2V00000085,CCCCCCCCCCCCCC(=O)N(CCCN(CC)CC)C(CCCC(=O)OCC(CCCC)CCCCCC)(CCCC(=O)OCC(CCCC)CCCCCC)C(=O)NC1CCCCC1,A11,N(CC)(CC)CCCN,Is4,NC1CCCCC1,K22,OCC(CCCC)CCCCCC,Ac12,C(=O)CCCCCCCCCCCCC,ARCH_HEAD_LINKER_TAILA_TAILB,4CR
LNPhub_2V00000086,CCCCCCCCCCCC(=O)N(CCCN(C)C)C(CCCC(=O)OCCC12C[C@H]3C[C@@H](C1)C[C@@H](C2)C3)(CCCC(=O)OCCC12C[C@H]3C[C@@H](C1)C[C@@H](C2)C3)C(=O)NC1CCCCC1,A10,N(C)(C)CCCN,Is4,NC1CCCCC1,K49,OCCC12C[C@H]3C[C@H](C[C@H](C3)C1)C2,Ac10,C(=O)CCCCCCCCCCC,ARCH_HEAD_LINKER_TAILA_TAILB,4CR
LNPhub_2V00000087,C=C[C@](C)(CCC=C(C)C)OC(=O)CCCC(CCCC(=O)O[C@](C)(C=C)CCC=C(C)C)(C(=O)NC(C)(C)C)N(CCN1CCCC1)C(=O)C(C)(C)C,A13,C1CCCN1CCN,Is3,NC(C)(C)C,K17,O[C@@](C)(C=C)CCC=C(C)C,Ac51,C(=O)C(C)(C)C,ARCH_HEAD_LINKER_TAILA_TAILB,4CR
LNPhub_2V00000088,CCCCCCCCCCCCC(=O)N(CCCN(CC(C)C)CC(C)C)C(CCCC(=O)OC/C=C(\C)CC/C=C(\C)CCC=C(C)C)(CCCC(=O)OC/C=C(\C)CC/C=C(\C)CCC=C(C)C)C(=O)NC1[C@H]2C[C@@H]3C[C@@H](C[C@H]1C3)C2,A22,CC(C)CN(CC(C)C)CCCN,Is10,NC1[C@H]2C[C@@H]3C[C@H](C2)C[C@H]1C3,K13,OC/C=C(C)/CC/C=C(C)/CCC=C(C)C,Ac11,C(=O)CCCCCCCCCCCC,ARCH_HEAD_LINKER_TAILA_TAILB,4CR
LNPhub_2V00000089,CCCCC(CC)COC(=O)CCCC(CCCC(=O)OCC(CC)CCCC)(C(=O)NC12C[C@H]3C[C@@H](C1)C[C@@H](C2)C3)N(CCn1cccn1)C(=O)C1CCCCC1,A4,n1cccn1CCN,Is7,NC12C[C@H]3C[C@H](C[C@H](C3)C1)C2,K27,OCC(CC)CCCC,Ac39,C(=O)C8CCCCC8,ARCH_HEAD_LINKER_TAILA_TAILB,4CR
LNPhub_2V00000090,CCCCCCCCCCCCCCCCOC(=O)CCCC(CCCC(=O)OCCCCCCCCCCCCCCCC)(C(=O)NC1CCCCC1)N(CC12C[C@H]3C[C@@H](C1)C[C@@H](C2)C3)C(=O)C(CCCC)CC(C)C,A43,N(CC12C[C@H]3C[C@H](C[C@H](C3)C1)C2),Is4,NC1CCCCC1,K45,OCCCCCCCCCCCCCCCC,Ac45,C(=O)C(CCCC)CC(C)C,ARCH_HEAD_LINKER_TAILA_TAILB,4CR
LNPhub_2V00000091,C=C1CC[C](OC(=O)CCCC(CCCC(=O)O[C]2CCC(=C)/C(=C\C=C3/CCC[C@]4(C)[C]([C](C)CCCC(C)C)CC[C]34)C2)(C(=O)NCC(=O)OCC)N(CCN(CCC)CCC)C(=O)C2CCC2)C/C1=C/C=C1\CCC[C@]2(C)[C]([C](C)CCCC(C)C)CC[C]12,A33,CCCN(CCC)CCN,Is1,NCC(=O)OCC,K30,O[C@@]1CCC(=C)/C(C1)=C\C=C2/CCC[C@]3(C)[C@]([C@](C)CCCC(C)C)CC[C@@]23,Ac37,C(=O)C8CCC8,ARCH_HEAD_LINKER_TAILA_TAILB,4CR
LNPhub_2V00000092,CC/C=C\CCC(=O)N(CCN(CC)CC)C(CCCC(=O)OCCC#CCCCCCC)(CCCC(=O)OCCC#CCCCCCC)C(=O)NCCCCCCCC/C=C\CCCCCCCC,A18,CCN(CC)CCN,Is6,NCCCCCCCC/C=C\CCCCCCCC,K2,OCCC#CCCCCCC,Ac33,C(=O)CC/C=C\CC,ARCH_HEAD_LINKER_TAILA_TAILB,4CR
LNPhub_2V00000093,C=C(C)[C]1CC=C(COC(=O)CCCC(CCCC(=O)OCC2=CC[C](C(=C)C)CC2)(C(=O)NC2CCCCC2)N(CC(C)CN(C)C)C(=O)C(CCCC)CCCC)CC1,A15,CN(C)CC(C)CN,Is4,NC1CCCCC1,K11,OCC7=CC[C@](C(=C)C)CC7,Ac48,C(=O)C(CCCC)CCCC,ARCH_HEAD_LINKER_TAILA_TAILB,4CR
LNPhub_2V00000094,C=C1CC[C](OC(=O)CCCC(CCCC(=O)O[C]2CCC(=C)/C(=C\C=C3/CCC[C@]4(C)[C]([C](C)CCCC(C)C)CC[C]34)C2)(C(=O)NCC(=O)OCC)N(C(=O)CCCCCCCCCCCCCC)C(C)(C)CN(C)C)C/C1=C/C=C1\CCC[C@]2(C)[C]([C](C)CCCC(C)C)CC[C]12,A23,CN(C)CC(C)(C)N,Is1,NCC(=O)OCC,K30,O[C@@]1CCC(=C)/C(C1)=C\C=C2/CCC[C@]3(C)[C@]([C@](C)CCCC(C)C)CC[C@@]23,Ac13,C(=O)CCCCCCCCCCCCCC,ARCH_HEAD_LINKER_TAILA_TAILB,4CR
LNPhub_2V00000095,CCCCCCCCCCCOC(=O)CCCC(CCCC(=O)OCCCCCCCCCCC)(C(=O)NC1[C@H]2C[C@@H]3C[C@@H](C[C@H]1C3)C2)N(CCCn1ccnc1)C(=O)C(CCC)CCC,A48,c1cncn1CCCN,Is10,NC1[C@H]2C[C@@H]3C[C@H](C2)C[C@H]1C3,K40,OCCCCCCCCCCC,Ac49,C(=O)C(CCC)CCC,ARCH_HEAD_LINKER_TAILA_TAILB,4CR
LNPhub_2V00000096,CC(C)=CCC[C@@H](C)CC(=O)N(CC12C[C@H]3C[C@@H](C1)C[C@@H](C2)C3)C(CCCC(=O)O[C@](C)(CCC=C(C)C)[C@H]1CC=C(C)CC1)(CCCC(=O)O[C@](C)(CCC=C(C)C)[C@H]1CC=C(C)CC1)C(=O)NC1CCCCC1,A43,N(CC12C[C@H]3C[C@H](C[C@H](C3)C1)C2),Is4,NC1CCCCC1,K14,O[C@@](C)(CCC=C(C)C)[C@H]7C/C=C(C)\CC7,Ac44,C(=O)C[C@H](C)CCC=C(C)C,ARCH_HEAD_LINKER_TAILA_TAILB,4CR
LNPhub_2V00000097,CCCCNC(=O)C(CCCC(=O)OC/C=C(/C)CCC=C(C)C)(CCCC(=O)OC/C=C(/C)CCC=C(C)C)N(CCCN1CCCCCC1)C(=O)C(CCCC)CCCC,A20,C1CCCCCN1CCCN,Is5,NCCCC,K16,OC/C=C(C)\CCC=C(C)C,Ac48,C(=O)C(CCCC)CCCC,ARCH_HEAD_LINKER_TAILA_TAILB,4CR
LNPhub_2V00000098,CCCCC/C=C\C/C=C\CCCCCCCCOC(=O)CNC(=O)C(CCCC(=O)OCCCCCC)(CCCC(=O)OCCCCCC)N(CCCCN(CC)CC)C(=O)C(CCCCCCCC)CCCCCCCC,A8,CCN(CC)CCCCN,Is9,NCC(=O)OCCCCCCCC/C=C\C/C=C\CCCCC,K35,OCCCCCC,Ac47,C(=O)C(CCCCCCCC)CCCCCCCC,ARCH_HEAD_LINKER_TAILA_TAILB,4CR
LNPhub_2V00000099,CCCCCCCC/C=C\CCCCCCCCNC(=O)C(CCCC(=O)OCCC)(CCCC(=O)OCCC)N(CCN1CCCCCC1)C(=O)CCCCCC,A27,C1CCCCCN1CCN,Is6,NCCCCCCCC/C=C\CCCCCCCC,K33,OCCC,Ac5,C(=O)CCCCCC,ARCH_HEAD_LINKER_TAILA_TAILB,4CR
LNPhub_2V00000100,C=C(C)[C]1CC=C(COC(=O)CCCC(CCCC(=O)OCC2=CC[C](C(=C)C)CC2)(C(=O)NCC(=O)OC)N(C(=O)C[C@H](C)CCC=C(C)C)C23C[C@H]4C[C@@H](C2)C[C@@H](C3)C4)CC1,A40,N(C12C[C@H]3C[C@H](C[C@H](C3)C1)C2),Is0,NCC(=O)OC,K11,OCC7=CC[C@](C(=C)C)CC7,Ac44,C(=O)C[C@H](C)CCC=C(C)C,ARCH_HEAD_LINKER_TAILA_TAILB,4CR
LNPhub_2V00000101,CCCCCCC#CCCOC(=O)CCCC(CCCC(=O)OCCC#CCCCCCC)(C(=O)NC1[C@H]2C[C@@H]3C[C@@H](C[C@H]1C3)C2)N(CCN1CCC(CC)CC1)C(=O)C=C(C)/C=C/C=C(C)/C=C/C1=C(C)CCCC1(C)C,A38,C1CC(CC)CCN1CCN,Is10,NC1[C@H]2C[C@@H]3C[C@H](C2)C[C@H]1C3,K2,OCCC#CCCCCCC,Ac43,C(=O)/C=C(C)/C=C/C=C(C)/C=C/C1=C(C)\CCCC1(C)(C),ARCH_HEAD_LINKER_TAILA_TAILB,4CR
LNPhub_2V00000102,C=C1CC[C](OC(=O)CCCC(CCCC(=O)O[C]2CCC(=C)/C(=C\C=C3/CCC[C@]4(C)[C]([C](C)CCCC(C)C)CC[C]34)C2)(C(=O)NC23C[C@H]4C[C@@H](C2)C[C@@H](C3)C4)N(C(=O)C2CCCCCCCCCC2)C2CCN(Cc3ccccc3)CC2)C/C1=C/C=C1\CCC[C@]2(C)[C]([C](C)CCCC(C)C)CC[C]12,A49,C1CN(Cc2ccccc2)CCC1N,Is7,NC12C[C@H]3C[C@H](C[C@H](C3)C1)C2,K30,O[C@@]1CCC(=C)/C(C1)=C\C=C2/CCC[C@]3(C)[C@]([C@](C)CCCC(C)C)CC[C@@]23,Ac41,C(=O)C8CCCCCCCCCC8,ARCH_HEAD_LINKER_TAILA_TAILB,4CR
LNPhub_2V00000103,CCCCCCCC/C=C\CCCCCCCCCCCC(=O)N(CCCCN(CC)CC)C(CCCC(=O)OCC)(CCCC(=O)OCC)C(=O)NC1[C@H]2C[C@@H]3C[C@@H](C[C@H]1C3)C2,A8,CCN(CC)CCCCN,Is10,NC1[C@H]2C[C@@H]3C[C@H](C2)C[C@H]1C3,K32,OCC,Ac25,C(=O)CCCCCCCCCCC/C=C\CCCCCCCC,ARCH_HEAD_LINKER_TAILA_TAILB,4CR
LNPhub_2V00000104,CCCCNC(=O)C(CCCC(=O)O[C@@H]1C[C@H]2CC[C@]1(C)C2(C)C)(CCCC(=O)O[C@@H]1C[C@H]2CC[C@]1(C)C2(C)C)N(CCN1CCS(=O)(=O)CC1)C(=O)C(CCC)CCC,A47,C1CS(=O)(=O)CCN1CCN,Is5,NCCCC,K4,O[C@H]1[C@@](C)2CC[C@@H](C(C)(C)2)C1,Ac49,C(=O)C(CCC)CCC,ARCH_HEAD_LINKER_TAILA_TAILB,4CR
LNPhub_2V00000105,CCCCC/C=C\C/C=C\CCCCCCCC(=O)N(CCCN1CCCCCC1)C(CCCC(=O)OCCCCCCCCCCCCCCCCC)(CCCC(=O)OCCCCCCCCCCCCCCCCC)C(=O)NCC(=O)OC,A20,C1CCCCCN1CCCN,Is0,NCC(=O)OC,K46,OCCCCCCCCCCCCCCCCC,Ac20,C(=O)CCCCCCC/C=C\C/C=C\CCCCC,ARCH_HEAD_LINKER_TAILA_TAILB,4CR
LNPhub_2V00000106,CCCCC/C=C\C/C=C\CCCCCCCCOC(=O)CNC(=O)C(CCCC(=O)OCCCCCCCCCC)(CCCC(=O)OCCCCCCCCCC)N(CCCN1CCCCCC1)C(=O)C(CCCCCCCC)CCCCCCCC,A20,C1CCCCCN1CCCN,Is9,NCC(=O)OCCCCCCCC/C=C\C/C=C\CCCCC,K39,OCCCCCCCCCC,Ac47,C(=O)C(CCCCCCCC)CCCCCCCC,ARCH_HEAD_LINKER_TAILA_TAILB,4CR
LNPhub_2V00000107,CCCCCCCCC(CCCCCC)COC(=O)CCCC(CCCC(=O)OCC(CCCCCC)CCCCCCCC)(C(=O)NC12C[C@H]3C[C@@H](C1)C[C@@H](C2)C3)N(CCN1CCCCC1CC)C(=O)C1CCCC1,A41,C1(CC)CCCCN1CCN,Is7,NC12C[C@H]3C[C@H](C[C@H](C3)C1)C2,K19,OCC(CCCCCCCC)CCCCCC,Ac38,C(=O)C8CCCC8,ARCH_HEAD_LINKER_TAILA_TAILB,4CR
LNPhub_2V00000108,CCCCNC(=O)C(CCCC(=O)OCCCC)(CCCC(=O)OCCCC)N(CCCN1CCCCC1)C(=O)C1CCCC1,A17,C1CCCCN1CCCN,Is5,NCCCC,K34,OCCCC,Ac38,C(=O)C8CCCC8,ARCH_HEAD_LINKER_TAILA_TAILB,4CR
LNPhub_2V00000109,CCCCCCCC/C=C\CCCCCCCC(=O)N(C1[C@H]2C[C@@H]3C[C@@H](C[C@H]1C3)C2)C(CCCC(=O)OCCC1=CC[C]2C[C]1C2(C)C)(CCCC(=O)OCCC1=CC[C]2C[C]1C2(C)C)C(=O)NCCCn1cccn1,A7,N(C1[C@@H]2C[C@H]3C[C@@H](C2)C[C@@H]1C3),Is8,NCCCn1nccc1,K12,OCCC7=CC[C@@]8C[C@]7(C8(C)C),Ac19,C(=O)CCCCCCC/C=C\CCCCCCCC,ARCH_HEAD_LINKER_TAILA_TAILB,4CR
LNPhub_2V00000110,CCCCCCCC/C=C\CCCCCCCCN(C(C)=O)C(CCCC(=O)OC12C[C@H]3C[C@@H](C1)C[C@@H](C2)C3)(CCCC(=O)OC12C[C@H]3C[C@@H](C1)C[C@@H](C2)C3)C(=O)NC1[C@H]2C[C@@H]3C[C@@H](C[C@H]1C3)C2,A0,N(CCCCCCCC/C=C\CCCCCCCC),Is10,NC1[C@H]2C[C@@H]3C[C@H](C2)C[C@H]1C3,K50,OC12C[C@H]3C[C@H](C[C@H](C3)C1)C2,Ac0,C(=O)C,ARCH_HEAD_LINKER_TAILA_TAILB,4CR
LNPhub_2V00000111,CCCC/C=C\CCCCCCCCC(=O)N(CCN1CCCCCC1)C(CCCC(=O)OCC(CCCC)CCCCCC)(CCCC(=O)OCC(CCCC)CCCCCC)C(=O)NCC(=O)OC(C)(C)C,A27,C1CCCCCN1CCN,Is2,NCC(=O)OC(C)(C)C,K22,OCC(CCCC)CCCCCC,Ac28,C(=O)CCCCCCCC/C=C\CCCC,ARCH_HEAD_LINKER_TAILA_TAILB,4CR
LNPhub_2V00000112,CCCCCCCCCCCCC(=O)N(CCCCN1CCCCC1)C(CCCC(=O)OCCCCCC)(CCCC(=O)OCCCCCC)C(=O)NC1[C@H]2C[C@@H]3C[C@@H](C[C@H]1C3)C2,A12,C1CCCCN1CCCCN,Is10,NC1[C@H]2C[C@@H]3C[C@H](C2)C[C@H]1C3,K35,OCCCCCC,Ac11,C(=O)CCCCCCCCCCCC,ARCH_HEAD_LINKER_TAILA_TAILB,4CR
LNPhub_2V00000113,CCCCC/C=C\C/C=C\CCCCCCCCOC(=O)CNC(=O)C(CCCC(=O)OC/C=C(\C)CC/C=C(\C)CCC=C(C)C)(CCCC(=O)OC/C=C(\C)CC/C=C(\C)CCC=C(C)C)N(CCCCCCCC/C=C\CCCCCCCC)C(=O)CCCCCCCCCCCCCCCCCC,A0,N(CCCCCCCC/C=C\CCCCCCCC),Is9,NCC(=O)OCCCCCCCC/C=C\C/C=C\CCCCC,K13,OC/C=C(C)/CC/C=C(C)/CCC=C(C)C,Ac17,C(=O)CCCCCCCCCCCCCCCCCC,ARCH_HEAD_LINKER_TAILA_TAILB,4CR
LNPhub_2V00000114,CCCCCCCCCCC(=O)N(CCCN1CCOCC1)C(CCCC(=O)OC12C[C@H]3C[C@@H](C1)C[C@@H](C2)C3)(CCCC(=O)OC12C[C@H]3C[C@@H](C1)C[C@@H](C2)C3)C(=O)NCC(=O)OC,A50,C1COCCN1CCCN,Is0,NCC(=O)OC,K50,OC12C[C@H]3C[C@H](C[C@H](C3)C1)C2,Ac9,C(=O)CCCCCCCCCC,ARCH_HEAD_LINKER_TAILA_TAILB,4CR
LNPhub_2V00000115,CCCCCCCCCCCCCCOC(=O)CCCC(CCCC(=O)OCCCCCCCCCCCCCC)(C(=O)NC12C[C@H]3C[C@@H](C1)C[C@@H](C2)C3)N(C(=O)C(CCC)CCC)C12C[C@H]3C[C@@H](C1)C[C@@H](C2)C3,A40,N(C12C[C@H]3C[C@H](C[C@H](C3)C1)C2),Is7,NC12C[C@H]3C[C@H](C[C@H](C3)C1)C2,K43,OCCCCCCCCCCCCCC,Ac49,C(=O)C(CCC)CCC,ARCH_HEAD_LINKER_TAILA_TAILB,4CR
LNPhub_2V00000116,CCCCC/C=C\C/C=C\CCCCCCCCOC(=O)CNC(=O)C(CCCC(=O)OCCC)(CCCC(=O)OCCC)N(CCN1CCCN(C)CC1)C(=O)C(CCC)CCC,A16,C1CN(C)CCCN1CCN,Is9,NCC(=O)OCCCCCCCC/C=C\C/C=C\CCCCC,K33,OCCC,Ac49,C(=O)C(CCC)CCC,ARCH_HEAD_LINKER_TAILA_TAILB,4CR
LNPhub_2V00000117,CCCCC/C=C\C/C=C\CCCCCCCCOC(=O)CNC(=O)C(CCCC(=O)OCCCCCCCCCCCCCCC)(CCCC(=O)OCCCCCCCCCCCCCCC)N(CCCn1cccn1)C(=O)C12CC3C[C@@](C)(C1)C[C@](C)(C3)C2,A1,n1cccn1CCCN,Is9,NCC(=O)OCCCCCCCC/C=C\C/C=C\CCCCC,K44,OCCCCCCCCCCCCCCC,Ac34,C(=O)C78C[C@]9(C)CC(C7)C[C@](C9)(C)C8,ARCH_HEAD_LINKER_TAILA_TAILB,4CR
LNPhub_2V00000118,CCC(=O)N(CCn1ccnc1)C(CCCC(=O)OC/C=C(/C)CCC=C(C)C)(CCCC(=O)OC/C=C(/C)CCC=C(C)C)C(=O)NCC(=O)OC(C)(C)C,A45,c1cncn1CCN,Is2,NCC(=O)OC(C)(C)C,K16,OC/C=C(C)\CCC=C(C)C,Ac1,C(=O)CC,ARCH_HEAD_LINKER_TAILA_TAILB,4CR
LNPhub_2V00000119,CCC1CCCCN1CCCN(C(=O)CC1[C@H]2C[C@@H]3C[C@@H](C[C@H]1C3)C2)C(CCCC(=O)OC/C=C(C)/C=C/C=C(C)/C=C/C1=C(C)CCCC1(C)C)(CCCC(=O)OC/C=C(C)/C=C/C=C(C)/C=C/C1=C(C)CCCC1(C)C)C(=O)NC1[C@H]2C[C@@H]3C[C@@H](C[C@H]1C3)C2,A36,C1(CC)CCCCN1CCCN,Is10,NC1[C@H]2C[C@@H]3C[C@H](C2)C[C@H]1C3,K28,OC/C=C(C)/C=C/C=C(C)/C=C/C1=C(C)\CCCC1(C)(C),Ac30,C(=O)CC1[C@H]2C[C@@H]3C[C@H](C2)C[C@H]1C3,ARCH_HEAD_LINKER_TAILA_TAILB,4CR
LNPhub_2V00000120,CCCCCCCCCCCCCCCCCOC(=O)CCCC(CCCC(=O)OCCCCCCCCCCCCCCCCC)(C(=O)NC1CCCCC1)N(CCCN(CCC)CCC)C(=O)C1CC1,A32,N(CCC)(CCC)CCCN,Is4,NC1CCCCC1,K46,OCCCCCCCCCCCCCCCCC,Ac36,C(=O)C8CC8,ARCH_HEAD_LINKER_TAILA_TAILB,4CR
LNPhub_2V00000121,CCCCCCCC/C=C\CCCCCCCCNC(=O)C(CCCC(=O)OCC(CCCCCC)CCCCCCCC)(CCCC(=O)OCC(CCCCCC)CCCCCCCC)N(C(=O)C1[C@H]2C[C@@H]3C[C@@H](C[C@H]1C3)C2)C12C[C@H]3C[C@@H](C1)C[C@@H](C2)C3,A40,N(C12C[C@H]3C[C@H](C[C@H](C3)C1)C2),Is6,NCCCCCCCC/C=C\CCCCCCCC,K19,OCC(CCCCCCCC)CCCCCC,Ac29,C(=O)C1[C@H]2C[C@@H]3C[C@H](C2)C[C@H]1C3,ARCH_HEAD_LINKER_TAILA_TAILB,4CR
LNPhub_2V00000122,CCCCC/C=C\C/C=C\CCCCCCCCOC(=O)CNC(=O)C(CCCC(=O)OCCCCCCCCCCCCCCCCCC)(CCCC(=O)OCCCCCCCCCCCCCCCCCC)N(CCC1CCN(CC)CC1)C(=O)CCCCCCCCCCCCCCCCCC,A28,C1CN(CC)CCC1CCN,Is9,NCC(=O)OCCCCCCCC/C=C\C/C=C\CCCCC,K47,OCCCCCCCCCCCCCCCCCC,Ac17,C(=O)CCCCCCCCCCCCCCCCCC,ARCH_HEAD_LINKER_TAILA_TAILB,4CR
LNPhub_2V00000123,CCCCCCCOC(=O)CCCC(CCCC(=O)OCCCCCCC)(C(=O)NCC(=O)OCC)N(CCCN(CC(C)C)CC(C)C)C(=O)CCCC,A22,CC(C)CN(CC(C)C)CCCN,Is1,NCC(=O)OCC,K36,OCCCCCCC,Ac3,C(=O)CCCC,ARCH_HEAD_LINKER_TAILA_TAILB,4CR
LNPhub_2V00000124,CCCCC/C=C\C/C=C\CCCCCCCCOC(=O)CNC(=O)C(CCCC(=O)OCCCCCCCCC)(CCCC(=O)OCCCCCCCCC)N(CCN1CCCCCC1)C(=O)CC/C=C\CCCCCC,A27,C1CCCCCN1CCN,Is9,NCC(=O)OCCCCCCCC/C=C\C/C=C\CCCCC,K38,OCCCCCCCCC,Ac32,C(=O)CC/C=C\CCCCCC,ARCH_HEAD_LINKER_TAILA_TAILB,4CR
LNPhub_2V00000125,CC1=C(/C=C/C(C)=C/C=C/C(C)=C/COC(=O)CCCC(CCCC(=O)OC/C=C(C)/C=C/C=C(C)/C=C/C2=C(C)CCCC2(C)C)(C(=O)NC2[C@H]3C[C@@H]4C[C@@H](C[C@H]2C4)C3)N(CCN(CCO)CCO)C(=O)C2CC2)C(C)(C)CCC1,A44,N(CCO)(CCO)CCN,Is10,NC1[C@H]2C[C@@H]3C[C@H](C2)C[C@H]1C3,K28,OC/C=C(C)/C=C/C=C(C)/C=C/C1=C(C)\CCCC1(C)(C),Ac36,C(=O)C8CC8,ARCH_HEAD_LINKER_TAILA_TAILB,4CR
LNPhub_2V00000126,CCCC/C=C\CCCCCCCCC(=O)N(CCCCN(CC)CC)C(CCCC(=O)OCCC1=CC[C]2C[C]1C2(C)C)(CCCC(=O)OCCC1=CC[C]2C[C]1C2(C)C)C(=O)NCCCC,A8,CCN(CC)CCCCN,Is5,NCCCC,K12,OCCC7=CC[C@@]8C[C@]7(C8(C)C),Ac28,C(=O)CCCCCCCC/C=C\CCCC,ARCH_HEAD_LINKER_TAILA_TAILB,4CR
LNPhub_2V00000127,CCCCC/C=C\C/C=C\CCCCCCCCOC(=O)CNC(=O)C(CCCC(=O)OCC(CC)CCCC)(CCCC(=O)OCC(CC)CCCC)N(CCCN1CCCC1)C(=O)C1CCCCCCCCCCC1,A6,C1CCCN1CCCN,Is9,NCC(=O)OCCCCCCCC/C=C\C/C=C\CCCCC,K27,OCC(CC)CCCC,Ac42,C(=O)C8CCCCCCCCCCC8,ARCH_HEAD_LINKER_TAILA_TAILB,4CR
LNPhub_2V00000128,CCCCCCCCCCCCCCCCCCOC(=O)CCCC(CCCC(=O)OCCCCCCCCCCCCCCCCCC)(C(=O)NC(C)(C)C)N(C(=O)CCCCCCCC)C1CCN(C)CC1,A25,C1CN(C)CCC1N,Is3,NC(C)(C)C,K47,OCCCCCCCCCCCCCCCCCC,Ac7,C(=O)CCCCCCCC,ARCH_HEAD_LINKER_TAILA_TAILB,4CR
LNPhub_2V00000129,CCCCC/C=C\C/C=C\CCCCCCCCOC(=O)CNC(=O)C(CCCC(=O)OCC(CCCCCCCC)CCCCCCCCCC)(CCCC(=O)OCC(CCCCCCCC)CCCCCCCCCC)N(CCCN(CC)CC)C(=O)CCCCCC(C)(C)C,A11,N(CC)(CC)CCCN,Is9,NCC(=O)OCCCCCCCC/C=C\C/C=C\CCCCC,K20,OCC(CCCCCCCC)CCCCCCCCCC,Ac50,C(=O)CCCCCC(C)(C)C,ARCH_HEAD_LINKER_TAILA_TAILB,4CR
LNPhub_2V00000130,CCCCCCCCCOC(=O)CCCC(CCCC(=O)OCCCCCCCCC)(C(=O)NCC(=O)OC(C)(C)C)N(C(=O)C1CCC1)C12C[C@H]3C[C@@H](C1)C[C@@H](C2)C3,A40,N(C12C[C@H]3C[C@H](C[C@H](C3)C1)C2),Is2,NCC(=O)OC(C)(C)C,K38,OCCCCCCCCC,Ac37,C(=O)C8CCC8,ARCH_HEAD_LINKER_TAILA_TAILB,4CR
LNPhub_2V00000131,CCCCCCCCCCCCCCCCCCC(=O)N(CCCN(C(C)C)C(C)C)C(CCCC(=O)OCCCCCCCCCCCCCCC)(CCCC(=O)OCCCCCCCCCCCCCCC)C(=O)NCC(=O)OC,A37,N(C(C)C)(C(C)C)CCCN,Is0,NCC(=O)OC,K44,OCCCCCCCCCCCCCCC,Ac17,C(=O)CCCCCCCCCCCCCCCCCC,ARCH_HEAD_LINKER_TAILA_TAILB,4CR
LNPhub_2V00000132,CCN(CC)CCCC(C)N(C(=O)C1CCCC1)C(CCCC(=O)OC/C=C(\C)CCC=C(C)C)(CCCC(=O)OC/C=C(\C)CCC=C(C)C)C(=O)NCC(=O)OC,A9,CCN(CC)CCCC(C)N,Is0,NCC(=O)OC,K15,OC/C=C(C)/CCC=C(C)C,Ac38,C(=O)C8CCCC8,ARCH_HEAD_LINKER_TAILA_TAILB,4CR
LNPhub_2V00000133,CCCCCCCCCCC(=O)N(CCN1CCCCC1CC)C(CCCC(=O)OCC(CCCCCC)CCCCCCCC)(CCCC(=O)OCC(CCCCCC)CCCCCCCC)C(=O)NC(C)(C)C,A41,C1(CC)CCCCN1CCN,Is3,NC(C)(C)C,K19,OCC(CCCCCCCC)CCCCCC,Ac9,C(=O)CCCCCCCCCC,ARCH_HEAD_LINKER_TAILA_TAILB,4CR
LNPhub_2V00000134,CCCCCCCCCCCCCCC(=O)N(CCCn1cccn1)C(CCCC(=O)OCCCCCCCCCC)(CCCC(=O)OCCCCCCCCCC)C(=O)NC1CCCCC1,A1,n1cccn1CCCN,Is4,NC1CCCCC1,K39,OCCCCCCCCCC,Ac13,C(=O)CCCCCCCCCCCCCC,ARCH_HEAD_LINKER_TAILA_TAILB,4CR
LNPhub_2V00000135,CCCCCCCCCCCCCCCCC(=O)N(CCN(CC)CC)C(CCCC(=O)OCC(CC)CCCC)(CCCC(=O)OCC(CC)CCCC)C(=O)NC1CCCCC1,A18,CCN(CC)CCN,Is4,NC1CCCCC1,K27,OCC(CC)CCCC,Ac15,C(=O)CCCCCCCCCCCCCCCC,ARCH_HEAD_LINKER_TAILA_TAILB,4CR
LNPhub_2V00000136,CCCCCCCCCCCCCCCCC(=O)N(CCN(CCC)CCC)C(CCCC(=O)OCCCCCCCCCCCCCC)(CCCC(=O)OCCCCCCCCCCCCCC)C(=O)NC12C[C@H]3C[C@@H](C1)C[C@@H](C2)C3,A33,CCCN(CCC)CCN,Is7,NC12C[C@H]3C[C@H](C[C@H](C3)C1)C2,K43,OCCCCCCCCCCCCCC,Ac15,C(=O)CCCCCCCCCCCCCCCC,ARCH_HEAD_LINKER_TAILA_TAILB,4CR
LNPhub_2V00000137,CC(C)=CCC/C(C)=C/COC(=O)CCCC(CCCC(=O)OC/C=C(\C)CCC=C(C)C)(C(=O)NCC(=O)OC(C)(C)C)N(CCCN1CCN(C)CC1)C(=O)C1CCCCCC1,A3,C1CN(C)CCN1CCCN,Is2,NCC(=O)OC(C)(C)C,K15,OC/C=C(C)/CCC=C(C)C,Ac40,C(=O)C8CCCCCC8,ARCH_HEAD_LINKER_TAILA_TAILB,4CR
LNPhub_2V00000138,CCCCCCCC/C=C\CCCCCCCCNC(=O)C(CCCC(=O)OC12C[C@H]3C[C@@H](C1)C[C@@H](C2)C3)(CCCC(=O)OC12C[C@H]3C[C@@H](C1)C[C@@H](C2)C3)N(C(=O)CCCCCCC)C1[C@H]2C[C@@H]3C[C@@H](C[C@H]1C3)C2,A7,N(C1[C@@H]2C[C@H]3C[C@@H](C2)C[C@@H]1C3),Is6,NCCCCCCCC/C=C\CCCCCCCC,K50,OC12C[C@H]3C[C@H](C[C@H](C3)C1)C2,Ac6,C(=O)CCCCCCC,ARCH_HEAD_LINKER_TAILA_TAILB,4CR
LNPhub_2V00000139,CCCCC(=O)N(C1CCN(C)CC1)C(CCCC(=O)O[C@H]1C[C@@H]2CC[C@H]1C2)(CCCC(=O)O[C@H]1C[C@@H]2CC[C@H]1C2)C(=O)NCC(=O)OC(C)(C)C,A25,C1CN(C)CCC1N,Is2,NCC(=O)OC(C)(C)C,K7,O[C@H]1C[C@@H]2CC[C@H]1C2,Ac3,C(=O)CCCC,ARCH_HEAD_LINKER_TAILA_TAILB,4CR
LNPhub_2V00000140,CCCCCCCCC(CCCCCC)C(=O)N(CCCCN(CC)CC)C(CCCC(=O)OCC1=CCC2CC1C2(C)C)(CCCC(=O)OCC1=CCC2CC1C2(C)C)C(=O)NCC(=O)OC,A8,CCN(CC)CCCCN,Is0,NCC(=O)OC,K10,OCC7=CCC8CC7(C8(C)C),Ac18,C(=O)C(CCCCCC)CCCCCCCC,ARCH_HEAD_LINKER_TAILA_TAILB,4CR
LNPhub_2V00000141,CCCCCCCCCCCCCCCCCCOC(=O)CCCC(CCCC(=O)OCCCCCCCCCCCCCCCCCC)(C(=O)NC(C)(C)C)N(C(=O)CC)C1CCN(Cc2ccccc2)CC1,A49,C1CN(Cc2ccccc2)CCC1N,Is3,NC(C)(C)C,K47,OCCCCCCCCCCCCCCCCCC,Ac1,C(=O)CC,ARCH_HEAD_LINKER_TAILA_TAILB,4CR
LNPhub_2V00000142,CCCCCCCCCCCCCCCCCCOC(=O)CCCC(CCCC(=O)OCCCCCCCCCCCCCCCCCC)(C(=O)NC1[C@H]2C[C@@H]3C[C@@H](C[C@H]1C3)C2)N(CCN(CC)CC)C(=O)CCCCCCCCCCCC,A18,CCN(CC)CCN,Is10,NC1[C@H]2C[C@@H]3C[C@H](C2)C[C@H]1C3,K47,OCCCCCCCCCCCCCCCCCC,Ac11,C(=O)CCCCCCCCCCCC,ARCH_HEAD_LINKER_TAILA_TAILB,4CR
LNPhub_2V00000143,CC(C)=CCC/C(C)=C/COC(=O)CCCC(CCCC(=O)OC/C=C(\C)CCC=C(C)C)(C(=O)NC(C)(C)C)N(CCN(C)C)C(=O)C12CC3C[C@@](C)(C1)C[C@](C)(C3)C2,A5,N(C)(C)CCN,Is3,NC(C)(C)C,K15,OC/C=C(C)/CCC=C(C)C,Ac34,C(=O)C78C[C@]9(C)CC(C7)C[C@](C9)(C)C8,ARCH_HEAD_LINKER_TAILA_TAILB,4CR
LNPhub_2V00000144,CC(C)(C)OC(=O)CNC(=O)C(CCCC(=O)OC1[C@H]2C[C@@H]3C[C@@H](C[C@H]1C3)C2)(CCCC(=O)OC1[C@H]2C[C@@H]3C[C@@H](C[C@H]1C3)C2)N(CCN(CCO)CCO)C(=O)C1CCCCCCCCCCC1,A44,N(CCO)(CCO)CCN,Is2,NCC(=O)OC(C)(C)C,K48,OC1[C@H]2C[C@@H]3C[C@H](C2)C[C@H]1C3,Ac42,C(=O)C8CCCCCCCCCCC8,ARCH_HEAD_LINKER_TAILA_TAILB,4CR
LNPhub_2V00000145,CCC1CCN(CCN(C(=O)C2[C@H]3C[C@@H]4C[C@@H](C[C@H]2C4)C3)C(CCCC(=O)OC/C=C(\C)CCC=C(C)C)(CCCC(=O)OC/C=C(\C)CCC=C(C)C)C(=O)NC2[C@H]3C[C@@H]4C[C@@H](C[C@H]2C4)C3)CC1,A38,C1CC(CC)CCN1CCN,Is10,NC1[C@H]2C[C@@H]3C[C@H](C2)C[C@H]1C3,K15,OC/C=C(C)/CCC=C(C)C,Ac29,C(=O)C1[C@H]2C[C@@H]3C[C@H](C2)C[C@H]1C3,ARCH_HEAD_LINKER_TAILA_TAILB,4CR
LNPhub_2V00000146,CCCCC/C=C\C/C=C\CCCCCCCCOC(=O)CNC(=O)C(CCCC(=O)OCCC#CCCCCCC)(CCCC(=O)OCCC#CCCCCCC)N(CCCn1cccn1)C(=O)C1CC1,A1,n1cccn1CCCN,Is9,NCC(=O)OCCCCCCCC/C=C\C/C=C\CCCCC,K2,OCCC#CCCCCCC,Ac36,C(=O)C8CC8,ARCH_HEAD_LINKER_TAILA_TAILB,4CR
LNPhub_2V00000147,CCCCCCCCCCCCC(=O)N(CCCN(CC(C)C)CC(C)C)C(CCCC(=O)OCCCCCCC)(CCCC(=O)OCCCCCCC)C(=O)NCC(=O)OCC,A22,CC(C)CN(CC(C)C)CCCN,Is1,NCC(=O)OCC,K36,OCCCCCCC,Ac11,C(=O)CCCCCCCCCCCC,ARCH_HEAD_LINKER_TAILA_TAILB,4CR
LNPhub_2V00000148,CCOC(=O)CNC(=O)C(CCCC(=O)OC1CCC[C@@H]2CCCC[C@H]12)(CCCC(=O)OC1CCC[C@@H]2CCCC[C@H]12)N(CCN1CCCC1)C(=O)C[C](C)CCC=C(C)C,A13,C1CCCN1CCN,Is1,NCC(=O)OCC,K6,OC8[C@H]9CCCC[C@H]9CCC8,Ac53,C(=O)C[C@@](C)CCC=C(C)C,ARCH_HEAD_LINKER_TAILA_TAILB,4CR
LNPhub_2V00000149,CCCCNC(=O)C(CCCC(=O)OC/C=C(C)/C=C/C=C(C)/C=C/C1=C(C)CCCC1(C)C)(CCCC(=O)OC/C=C(C)/C=C/C=C(C)/C=C/C1=C(C)CCCC1(C)C)N(CCN1CCCCC1CC)C(=O)C1CCCCCCCCCCC1,A41,C1(CC)CCCCN1CCN,Is5,NCCCC,K28,OC/C=C(C)/C=C/C=C(C)/C=C/C1=C(C)\CCCC1(C)(C),Ac42,C(=O)C8CCCCCCCCCCC8,ARCH_HEAD_LINKER_TAILA_TAILB,4CR
LNPhub_2V00000150,CCCCCCCCCCCCOC(=O)CCCC(CCCC(=O)OCCCCCCCCCCCC)(C(=O)NC1CCCCC1)N(CCCn1cccn1)C(=O)C1CC(C)C2CCCC12,A1,n1cccn1CCCN,Is4,NC1CCCCC1,K41,OCCCCCCCCCCCC,Ac35,C(=O)C8CC(C)C9CCCC89,ARCH_HEAD_LINKER_TAILA_TAILB,4CR
LNPhub_2V00000151,C=C(C)[C]1CC[C](C)C[C]1OC(=O)CCCC(CCCC(=O)O[C]1C[C](C)CC[C]1C(=C)C)(C(=O)NC12C[C@H]3C[C@@H](C1)C[C@@H](C2)C3)N(C(=O)CCCCC)C1CCN(Cc2ccccc2)CC1,A49,C1CN(Cc2ccccc2)CCC1N,Is7,NC12C[C@H]3C[C@H](C[C@H](C3)C1)C2,K9,O[C@@]7[C@@](C(=C)C)CC[C@](C)C7,Ac4,C(=O)CCCCC,ARCH_HEAD_LINKER_TAILA_TAILB,4CR
LNPhub_2V00000152,CCCCCCCCCCCCCC(=O)N(CCCCCN(C(C)C)C(C)C)C(CCCC(=O)OCC1=CCC2CC1C2(C)C)(CCCC(=O)OCC1=CCC2CC1C2(C)C)C(=O)NC1CCCCC1,A31,CC(C)N(C(C)C)CCCCCN,Is4,NC1CCCCC1,K10,OCC7=CCC8CC7(C8(C)C),Ac12,C(=O)CCCCCCCCCCCCC,ARCH_HEAD_LINKER_TAILA_TAILB,4CR
LNPhub_2V00000153,CCCCCCCCCCCCCCCOC(=O)CCCC(CCCC(=O)OCCCCCCCCCCCCCCC)(C(=O)NC1CCCCC1)N(CC(C)(C)CN(C)C)C(=O)CCCCCCCCC,A29,CN(C)CC(C)(C)CN,Is4,NC1CCCCC1,K44,OCCCCCCCCCCCCCCC,Ac8,C(=O)CCCCCCCCC,ARCH_HEAD_LINKER_TAILA_TAILB,4CR
LNPhub_2V00000154,CC/C=C\CCC(=O)N(CCn1ccnc1)C(CCCC(=O)OCCCCCCC)(CCCC(=O)OCCCCCCC)C(=O)NCC(=O)OC,A45,c1cncn1CCN,Is0,NCC(=O)OC,K36,OCCCCCCC,Ac33,C(=O)CC/C=C\CC,ARCH_HEAD_LINKER_TAILA_TAILB,4CR
LNPhub_2V00000155,CCCCCCOC(=O)CCCC(CCCC(=O)OCCCCCC)(C(=O)NCCCn1cccn1)N(CCN1CCCN(C)CC1)C(=O)C(CCC)CCC,A16,C1CN(C)CCCN1CCN,Is8,NCCCn1nccc1,K35,OCCCCCC,Ac49,C(=O)C(CCC)CCC,ARCH_HEAD_LINKER_TAILA_TAILB,4CR
LNPhub_2V00000156,CCCCCCCC/C=C\CCCCCCCC(=O)N(CCCN(CCC)CCC)C(CCCC(=O)OCC)(CCCC(=O)OCC)C(=O)NCC(=O)OC(C)(C)C,A32,N(CCC)(CCC)CCCN,Is2,NCC(=O)OC(C)(C)C,K32,OCC,Ac19,C(=O)CCCCCCC/C=C\CCCCCCCC,ARCH_HEAD_LINKER_TAILA_TAILB,4CR
LNPhub_2V00000157,CC1CC(C(=O)N(CCCn2cccn2)C(CCCC(=O)OCC2=CCC3CC2C3(C)C)(CCCC(=O)OCC2=CCC3CC2C3(C)C)C(=O)NCC(=O)OC(C)(C)C)C2CCCC12,A1,n1cccn1CCCN,Is2,NCC(=O)OC(C)(C)C,K10,OCC7=CCC8CC7(C8(C)C),Ac35,C(=O)C8CC(C)C9CCCC89,ARCH_HEAD_LINKER_TAILA_TAILB,4CR
LNPhub_2V00000158,CCCCCCCCCCCCCC(=O)N(CCN(C)C)C(CCCC(=O)OCC(CCCCCC)CCCCCCCC)(CCCC(=O)OCC(CCCCCC)CCCCCCCC)C(=O)NCC(=O)OC,A5,N(C)(C)CCN,Is0,NCC(=O)OC,K19,OCC(CCCCCCCC)CCCCCC,Ac12,C(=O)CCCCCCCCCCCCC,ARCH_HEAD_LINKER_TAILA_TAILB,4CR
LNPhub_2V00000159,CCCCC/C=C\C/C=C\CCCCCCCCOC(=O)CNC(=O)C(CCCC(=O)OCC(CCCCCCCC)CCCCCCCCCC)(CCCC(=O)OCC(CCCCCCCC)CCCCCCCCCC)N(CCN1CCC(CC)CC1)C(=O)CCCCCCCCCCCCCCCCC,A38,C1CC(CC)CCN1CCN,Is9,NCC(=O)OCCCCCCCC/C=C\C/C=C\CCCCC,K20,OCC(CCCCCCCC)CCCCCCCCCC,Ac16,C(=O)CCCCCCCCCCCCCCCCC,ARCH_HEAD_LINKER_TAILA_TAILB,4CR
LNPhub_2V00000160,CCCCCCCC/C=C\CCCCCCCCNC(=O)C(CCCC(=O)OC/C=C(\C)CCC=C(C)C)(CCCC(=O)OC/C=C(\C)CCC=C(C)C)N(C(=O)CC1[C@H]2C[C@@H]3C[C@@H](C[C@H]1C3)C2)C(C)(C)CN(C)C,A23,CN(C)CC(C)(C)N,Is6,NCCCCCCCC/C=C\CCCCCCCC,K15,OC/C=C(C)/CCC=C(C)C,Ac30,C(=O)CC1[C@H]2C[C@@H]3C[C@H](C2)C[C@H]1C3,ARCH_HEAD_LINKER_TAILA_TAILB,4CR
LNPhub_2V00000161,CCCCCCCCCCCCCCCCCCC(=O)N(CCCn1cccn1)C(CCCC(=O)OCCCCCCCCCCCCCCCCC)(CCCC(=O)OCCCCCCCCCCCCCCCCC)C(=O)NC1CCCCC1,A1,n1cccn1CCCN,Is4,NC1CCCCC1,K46,OCCCCCCCCCCCCCCCCC,Ac17,C(=O)CCCCCCCCCCCCCCCCCC,ARCH_HEAD_LINKER_TAILA_TAILB,4CR
LNPhub_2V00000162,C=C(C)[C]1CC[C](C)C[C]1OC(=O)CCCC(CCCC(=O)O[C]1C[C](C)CC[C]1C(=C)C)(C(=O)NCCCn1cccn1)N(CCN1CCCCC1CC)C(=O)C[C@H](C)CCC=C(C)C,A41,C1(CC)CCCCN1CCN,Is8,NCCCn1nccc1,K9,O[C@@]7[C@@](C(=C)C)CC[C@](C)C7,Ac44,C(=O)C[C@H](C)CCC=C(C)C,ARCH_HEAD_LINKER_TAILA_TAILB,4CR
LNPhub_2V00000163,C=C[C@](C)(CCC=C(C)C)OC(=O)CCCC(CCCC(=O)O[C@](C)(C=C)CCC=C(C)C)(C(=O)NCCCCCCCC/C=C\CCCCCCCC)N(Cc1cccnc1)C(=O)C1CC1,A52,c1ccncc1CN,Is6,NCCCCCCCC/C=C\CCCCCCCC,K17,O[C@@](C)(C=C)CCC=C(C)C,Ac36,C(=O)C8CC8,ARCH_HEAD_LINKER_TAILA_TAILB,4CR
LNPhub_2V00000164,CCCCC(=O)N(CCCN1CCCN(C)CC1)C(CCCC(=O)OC1(CC)C(C)(C)[C@@H]2CC[C@@]1(C)C2)(CCCC(=O)OC1(CC)C(C)(C)[C@@H]2CC[C@@]1(C)C2)C(=O)NC1CCCCC1,A14,C1CN(C)CCCN1CCCN,Is4,NC1CCCCC1,K5,OC8(CC)[C@@]9(C)CC[C@H](C9)C8(C)(C),Ac3,C(=O)CCCC,ARCH_HEAD_LINKER_TAILA_TAILB,4CR
LNPhub_2V00000165,C=C1CC[C](OC(=O)CCCC(CCCC(=O)O[C]2CCC(=C)/C(=C\C=C3/CCC[C@@]4(C)[C]3CC[C]4[C@@H](C)/C=C/[C@H](C)C(C)C)C2)(C(=O)NCCCn2cccn2)N(CCN2CCCC2)C(C)=O)C/C1=C/C=C1\CCC[C@@]2(C)[C]1CC[C]2[C@@H](C)/C=C/[C@H](C)C(C)C,A13,C1CCCN1CCN,Is8,NCCCn1nccc1,K29,O[C@@]1CCC(=C)/C(C1)=C\C=C2/CCC[C@@]3(C)[C@]2CC[C@]3[C@@H](C)/C=C/[C@H](C)C(C)C,Ac0,C(=O)C,ARCH_HEAD_LINKER_TAILA_TAILB,4CR
LNPhub_2V00000166,CCCCCCC(CCCC)COC(=O)CCCC(CCCC(=O)OCC(CCCC)CCCCCC)(C(=O)NC12C[C@H]3C[C@@H](C1)C[C@@H](C2)C3)N(C(=O)CCCCC)C(C)(C)CNCCO,A39,OCCNCC(C)(C)N,Is7,NC12C[C@H]3C[C@H](C[C@H](C3)C1)C2,K22,OCC(CCCC)CCCCCC,Ac4,C(=O)CCCCC,ARCH_HEAD_LINKER_TAILA_TAILB,4CR
LNPhub_2V00000167,CCCCCCCC/C=C\CCCCCCCCNC(=O)C(CCCC(=O)OCC(CCC)CCC)(CCCC(=O)OCC(CCC)CCC)N(CCCn1cccn1)C(=O)C1CCC1,A1,n1cccn1CCCN,Is6,NCCCCCCCC/C=C\CCCCCCCC,K26,OCC(CCC)CCC,Ac37,C(=O)C8CCC8,ARCH_HEAD_LINKER_TAILA_TAILB,4CR
LNPhub_2V00000168,C=C[C@](C)(CCC=C(C)C)OC(=O)CCCC(CCCC(=O)O[C@](C)(C=C)CCC=C(C)C)(C(=O)NCC(=O)OC)N(C(=O)C(CCCC)CCCCCC)C1CCN(C)CC1,A25,C1CN(C)CCC1N,Is0,NCC(=O)OC,K17,O[C@@](C)(C=C)CCC=C(C)C,Ac46,C(=O)C(CCCCCC)CCCC,ARCH_HEAD_LINKER_TAILA_TAILB,4CR
LNPhub_2V00000169,C=C1CC[C](OC(=O)CCCC(CCCC(=O)O[C]2CCC(=C)/C(=C\C=C3/CCC[C@]4(C)[C]([C](C)CCCC(C)C)CC[C]34)C2)(C(=O)NCCCn2cccn2)N(CCC(C)N(C)CC)C(=O)C2CCCCCCCCCC2)C/C1=C/C=C1\CCC[C@]2(C)[C]([C](C)CCCC(C)C)CC[C]12,A21,CCN(C)C(C)CCN,Is8,NCCCn1nccc1,K30,O[C@@]1CCC(=C)/C(C1)=C\C=C2/CCC[C@]3(C)[C@]([C@](C)CCCC(C)C)CC[C@@]23,Ac41,C(=O)C8CCCCCCCCCC8,ARCH_HEAD_LINKER_TAILA_TAILB,4CR
LNPhub_2V00000170,CCCCCCCCCCCCCCCOC(=O)CCCC(CCCC(=O)OCCCCCCCCCCCCCCC)(C(=O)NCC(=O)OC(C)(C)C)N(C(=O)C=C(C)/C=C/C=C(C)/C=C/C1=C(C)CCCC1(C)C)C1[C@H]2C[C@@H]3C[C@@H](C[C@H]1C3)C2,A7,N(C1[C@@H]2C[C@H]3C[C@@H](C2)C[C@@H]1C3),Is2,NCC(=O)OC(C)(C)C,K44,OCCCCCCCCCCCCCCC,Ac43,C(=O)/C=C(C)/C=C/C=C(C)/C=C/C1=C(C)\CCCC1(C)(C),ARCH_HEAD_LINKER_TAILA_TAILB,4CR
LNPhub_2V00000171,CCCCC(CC)COC(=O)CCCC(CCCC(=O)OCC(CC)CCCC)(C(=O)NC(C)(C)C)N(CCCCN1CCCCC1)C(=O)C12CC3C[C@@](C)(C1)C[C@](C)(C3)C2,A12,C1CCCCN1CCCCN,Is3,NC(C)(C)C,K27,OCC(CC)CCCC,Ac34,C(=O)C78C[C@]9(C)CC(C7)C[C@](C9)(C)C8,ARCH_HEAD_LINKER_TAILA_TAILB,4CR
LNPhub_2V00000172,CCCCCCCCCOC(=O)CCCC(CCCC(=O)OCCCCCCCCC)(C(=O)NC1CCCCC1)N(CCCN1CCCC1)C(=O)C(CCCCCC)CCCCCCCC,A6,C1CCCN1CCCN,Is4,NC1CCCCC1,K38,OCCCCCCCCC,Ac18,C(=O)C(CCCCCC)CCCCCCCC,ARCH_HEAD_LINKER_TAILA_TAILB,4CR
LNPhub_2V00000173,CCCCCCCCC(CCCCCCCC)OC(=O)CCCC(CCCC(=O)OC(CCCCCCCC)CCCCCCCC)(C(=O)NCC(=O)OCC)N(CCn1cccn1)C(=O)C1CC1,A4,n1cccn1CCN,Is1,NCC(=O)OCC,K3,OC(CCCCCCCC)CCCCCCCC,Ac36,C(=O)C8CC8,ARCH_HEAD_LINKER_TAILA_TAILB,4CR
LNPhub_2V00000174,CCCCCCCCC/C=C\CCCCCCCCOC(=O)CCCC(CCCC(=O)OCCCCCCCC/C=C\CCCCCCCCC)(C(=O)NCC(=O)OC)N(CCn1cccn1)C(C)=O,A4,n1cccn1CCN,Is0,NCC(=O)OC,K1,OCCCCCCCC/C=C\CCCCCCCCC,Ac0,C(=O)C,ARCH_HEAD_LINKER_TAILA_TAILB,4CR
LNPhub_2V00000175,COC(=O)CNC(=O)C(CCCC(=O)OCC1C[C@H]2C=C[C@@H]1C2)(CCCC(=O)OCC1C[C@H]2C=C[C@@H]1C2)N(CCN(C)C)C(=O)C=C(C)/C=C/C=C(C)/C=C/C1=C(C)CCCC1(C)C,A5,N(C)(C)CCN,Is0,NCC(=O)OC,K8,OCC1C[C@@H]2C[C@H]1C=C2,Ac43,C(=O)/C=C(C)/C=C/C=C(C)/C=C/C1=C(C)\CCCC1(C)(C),ARCH_HEAD_LINKER_TAILA_TAILB,4CR
LNPhub_2V00000176,CCCCNC(=O)C(CCCC(=O)O[C@@H]1C[C@H]2CC[C@]1(C)C2(C)C)(CCCC(=O)O[C@@H]1C[C@H]2CC[C@]1(C)C2(C)C)N(CCN(CC)CC)C(=O)C1CC(C)C2CCCC12,A18,CCN(CC)CCN,Is5,NCCCC,K4,O[C@H]1[C@@](C)2CC[C@@H](C(C)(C)2)C1,Ac35,C(=O)C8CC(C)C9CCCC89,ARCH_HEAD_LINKER_TAILA_TAILB,4CR
LNPhub_2V00000177,CCCCCCCCCCOC(=O)CCCC(CCCC(=O)OCCCCCCCCCC)(C(=O)NC1CCCCC1)N(C(=O)C1CC(C)C2CCCC12)C(C)(C)CNCCO,A39,OCCNCC(C)(C)N,Is4,NC1CCCCC1,K39,OCCCCCCCCCC,Ac35,C(=O)C8CC(C)C9CCCC89,ARCH_HEAD_LINKER_TAILA_TAILB,4CR
LNPhub_2V00000178,CCC1(OC(=O)CCCC(CCCC(=O)OC2(CC)C(C)(C)[C@@H]3CC[C@@]2(C)C3)(C(=O)NCCCn2cccn2)N(CCCN(CCO)CCO)C(=O)CCCCCC(C)(C)C)C(C)(C)[C@@H]2CC[C@@]1(C)C2,A46,OCCN(CCO)CCCN,Is8,NCCCn1nccc1,K5,OC8(CC)[C@@]9(C)CC[C@H](C9)C8(C)(C),Ac50,C(=O)CCCCCC(C)(C)C,ARCH_HEAD_LINKER_TAILA_TAILB,4CR
LNPhub_2V00000179,CCCCCCCCCCCCCCC(=O)N(CCN1CCCN(C)CC1)C(CCCC(=O)OCCCCCCCCCCC)(CCCC(=O)OCCCCCCCCCCC)C(=O)NC(C)(C)C,A16,C1CN(C)CCCN1CCN,Is3,NC(C)(C)C,K40,OCCCCCCCCCCC,Ac13,C(=O)CCCCCCCCCCCCCC,ARCH_HEAD_LINKER_TAILA_TAILB,4CR
LNPhub_2V00000180,CCCCCCC(=O)N(CCCN1CCOCC1)C(CCCC(=O)OCCC(C)CCCC(C)C)(CCCC(=O)OCCC(C)CCCC(C)C)C(=O)NCCCn1cccn1,A50,C1COCCN1CCCN,Is8,NCCCn1nccc1,K23,OCCC(C)CCCC(C)C,Ac5,C(=O)CCCCCC,ARCH_HEAD_LINKER_TAILA_TAILB,4CR
LNPhub_2V00000181,CCN(CC)CCCN(C(=O)C1[C@H]2C[C@@H]3C[C@@H](C[C@H]1C3)C2)C(CCCC(=O)OC/C=C(\C)CC/C=C(\C)CCC=C(C)C)(CCCC(=O)OC/C=C(\C)CC/C=C(\C)CCC=C(C)C)C(=O)NC1CCCCC1,A11,N(CC)(CC)CCCN,Is4,NC1CCCCC1,K13,OC/C=C(C)/CC/C=C(C)/CCC=C(C)C,Ac29,C(=O)C1[C@H]2C[C@@H]3C[C@H](C2)C[C@H]1C3,ARCH_HEAD_LINKER_TAILA_TAILB,4CR
LNPhub_2V00000182,CCCCCCCC(CCCCC)COC(=O)CCCC(CCCC(=O)OCC(CCCCC)CCCCCCC)(C(=O)NCCCn1cccn1)N(CCCCN(CC)CC)C(=O)C(CCCC)CCCCCC,A8,CCN(CC)CCCCN,Is8,NCCCn1nccc1,K25,OCC(CCCCC)CCCCCCC,Ac46,C(=O)C(CCCCCC)CCCC,ARCH_HEAD_LINKER_TAILA_TAILB,4CR
LNPhub_2V00000183,CCCCCC(=O)N(CCN(CC)CC)C(CCCC(=O)OCC1C[C@H]2C=C[C@@H]1C2)(CCCC(=O)OCC1C[C@H]2C=C[C@@H]1C2)C(=O)NC(C)(C)C,A18,CCN(CC)CCN,Is3,NC(C)(C)C,K8,OCC1C[C@@H]2C[C@H]1C=C2,Ac4,C(=O)CCCCC,ARCH_HEAD_LINKER_TAILA_TAILB,4CR
LNPhub_2V00000184,CCCCC/C=C\C/C=C\CCCCCCCCOC(=O)CNC(=O)C(CCCC(=O)OC/C=C(/C)CCC=C(C)C)(CCCC(=O)OC/C=C(/C)CCC=C(C)C)N(CCCCCN(C(C)C)C(C)C)C(=O)C12CC3C[C@@](C)(C1)C[C@](C)(C3)C2,A31,CC(C)N(C(C)C)CCCCCN,Is9,NCC(=O)OCCCCCCCC/C=C\C/C=C\CCCCC,K16,OC/C=C(C)\CCC=C(C)C,Ac34,C(=O)C78C[C@]9(C)CC(C7)C[C@](C9)(C)C8,ARCH_HEAD_LINKER_TAILA_TAILB,4CR
LNPhub_2V00000185,CC/C=C\C/C=C\C/C=C\C/C=C\C/C=C\C/C=C\CCC(=O)N(CCCn1cccn1)C(CCCC(=O)OC/C=C(\C)CCC=C(C)C)(CCCC(=O)OC/C=C(\C)CCC=C(C)C)C(=O)NCCCCCCCC/C=C\CCCCCCCC,A1,n1cccn1CCCN,Is6,NCCCCCCCC/C=C\CCCCCCCC,K15,OC/C=C(C)/CCC=C(C)C,Ac22,C(=O)CC/C=C\C/C=C\C/C=C\C/C=C\C/C=C\C/C=C\CC,ARCH_HEAD_LINKER_TAILA_TAILB,4CR
LNPhub_2V00000186,CC/C=C\C/C=C\C/C=C\CCCCCCCCC(=O)N(CCCN(CCO)CCO)C(CCCC(=O)OCCC#CCCCCCC)(CCCC(=O)OCCC#CCCCCCC)C(=O)NC1[C@H]2C[C@@H]3C[C@@H](C[C@H]1C3)C2,A46,OCCN(CCO)CCCN,Is10,NC1[C@H]2C[C@@H]3C[C@H](C2)C[C@H]1C3,K2,OCCC#CCCCCCC,Ac21,C(=O)CCCCCCCC/C=C\C/C=C\C/C=C\CC,ARCH_HEAD_LINKER_TAILA_TAILB,4CR
LNPhub_2V00000187,CCC(=O)N(CCN1CCCC1)C(CCCC(=O)OC/C=C(\C)CC/C=C(\C)CCC=C(C)C)(CCCC(=O)OC/C=C(\C)CC/C=C(\C)CCC=C(C)C)C(=O)NCCCn1cccn1,A13,C1CCCN1CCN,Is8,NCCCn1nccc1,K13,OC/C=C(C)/CC/C=C(C)/CCC=C(C)C,Ac1,C(=O)CC,ARCH_HEAD_LINKER_TAILA_TAILB,4CR
LNPhub_2V00000188,CCCC(CCC)C(=O)N(CCCCN(CC)CC)C(CCCC(=O)OC12C[C@H]3C[C@@H](C1)C[C@@H](C2)C3)(CCCC(=O)OC12C[C@H]3C[C@@H](C1)C[C@@H](C2)C3)C(=O)NC1[C@H]2C[C@@H]3C[C@@H](C[C@H]1C3)C2,A8,CCN(CC)CCCCN,Is10,NC1[C@H]2C[C@@H]3C[C@H](C2)C[C@H]1C3,K50,OC12C[C@H]3C[C@H](C[C@H](C3)C1)C2,Ac49,C(=O)C(CCC)CCC,ARCH_HEAD_LINKER_TAILA_TAILB,4CR
LNPhub_2V00000189,CCCCCCCCCCCCCC(=O)N(CCn1cccn1)C(CCCC(=O)OC12C[C@H]3C[C@@H](C1)C[C@@H](C2)C3)(CCCC(=O)OC12C[C@H]3C[C@@H](C1)C[C@@H](C2)C3)C(=O)NCCCn1cccn1,A4,n1cccn1CCN,Is8,NCCCn1nccc1,K50,OC12C[C@H]3C[C@H](C[C@H](C3)C1)C2,Ac12,C(=O)CCCCCCCCCCCCC,ARCH_HEAD_LINKER_TAILA_TAILB,4CR
LNPhub_2V00000190,CCCCC/C=C\C/C=C\CCCCCCCCOC(=O)CNC(=O)C(CCCC(=O)OC(C)(CC)CCCC(C)C)(CCCC(=O)OC(C)(CC)CCCC(C)C)N(C(=O)CCCCCCC)C(C)(C)CN(C)C,A23,CN(C)CC(C)(C)N,Is9,NCC(=O)OCCCCCCCC/C=C\C/C=C\CCCCC,K24,OC(C)(CC)CCCC(C)C,Ac6,C(=O)CCCCCCC,ARCH_HEAD_LINKER_TAILA_TAILB,4CR
LNPhub_2V00000191,CCCCCCC(CCCC)C(=O)N(CCN1CCCCC1CC)C(CCCC(=O)OC12C[C@H]3C[C@@H](C1)C[C@@H](C2)C3)(CCCC(=O)OC12C[C@H]3C[C@@H](C1)C[C@@H](C2)C3)C(=O)NC(C)(C)C,A41,C1(CC)CCCCN1CCN,Is3,NC(C)(C)C,K50,OC12C[C@H]3C[C@H](C[C@H](C3)C1)C2,Ac46,C(=O)C(CCCCCC)CCCC,ARCH_HEAD_LINKER_TAILA_TAILB,4CR
LNPhub_2V00000192,CCCCCCCCCCCCCOC(=O)CCCC(CCCC(=O)OCCCCCCCCCCCCC)(C(=O)NC1CCCCC1)N(CCN(C)C)C(=O)C1CCCCC1,A5,N(C)(C)CCN,Is4,NC1CCCCC1,K42,OCCCCCCCCCCCCC,Ac39,C(=O)C8CCCCC8,ARCH_HEAD_LINKER_TAILA_TAILB,4CR
LNPhub_2V00000193,CCCC/C=C\CCCCCCCCC(=O)N(CCCN1CCN(C)CC1)C(CCCC(=O)OCC(CCCCCCCC)CCCCCCCCCC)(CCCC(=O)OCC(CCCCCCCC)CCCCCCCCCC)C(=O)NCC(=O)OCC,A3,C1CN(C)CCN1CCCN,Is1,NCC(=O)OCC,K20,OCC(CCCCCCCC)CCCCCCCCCC,Ac28,C(=O)CCCCCCCC/C=C\CCCC,ARCH_HEAD_LINKER_TAILA_TAILB,4CR
LNPhub_2V00000194,CCCCC/C=C\C/C=C\CCCCCCCC(=O)N(CCN(CCC)CCC)C(CCCC(=O)OCCCC)(CCCC(=O)OCCCC)C(=O)NC1[C@H]2C[C@@H]3C[C@@H](C[C@H]1C3)C2,A33,CCCN(CCC)CCN,Is10,NC1[C@H]2C[C@@H]3C[C@H](C2)C[C@H]1C3,K34,OCCCC,Ac20,C(=O)CCCCCCC/C=C\C/C=C\CCCCC,ARCH_HEAD_LINKER_TAILA_TAILB,4CR
LNPhub_2V00000195,CCCCCCCC/C=C\CCCCCCCCCCCC(=O)N(CCCn1ccnc1)C(CCCC(=O)OC/C=C(\C)CCC=C(C)C)(CCCC(=O)OC/C=C(\C)CCC=C(C)C)C(=O)NC1CCCCC1,A48,c1cncn1CCCN,Is4,NC1CCCCC1,K15,OC/C=C(C)/CCC=C(C)C,Ac25,C(=O)CCCCCCCCCCC/C=C\CCCCCCCC,ARCH_HEAD_LINKER_TAILA_TAILB,4CR
LNPhub_2V00000196,CCCCCCCCCCCCC(=O)N(CCC(C)N(C)CC)C(CCCC(=O)OC/C=C(\C)CC/C=C(\C)CCC=C(C)C)(CCCC(=O)OC/C=C(\C)CC/C=C(\C)CCC=C(C)C)C(=O)NC1CCCCC1,A21,CCN(C)C(C)CCN,Is4,NC1CCCCC1,K13,OC/C=C(C)/CC/C=C(C)/CCC=C(C)C,Ac11,C(=O)CCCCCCCCCCCC,ARCH_HEAD_LINKER_TAILA_TAILB,4CR
LNPhub_2V00000197,C=C(C)[C]1CC=C(COC(=O)CCCC(CCCC(=O)OCC2=CC[C](C(=C)C)CC2)(C(=O)NCC(=O)OCC)N(CC(C)CN(C)C)C(=O)CCC)CC1,A15,CN(C)CC(C)CN,Is1,NCC(=O)OCC,K11,OCC7=CC[C@](C(=C)C)CC7,Ac2,C(=O)CCC,ARCH_HEAD_LINKER_TAILA_TAILB,4CR
LNPhub_2V00000198,CCCCC/C=C\C/C=C\C/C=C\C/C=C\CCCC(=O)N(C(C)(C)CN(C)C)C(CCCC(=O)OCCC(C)CCCC(C)C)(CCCC(=O)OCCC(C)CCCC(C)C)C(=O)NCCCCCCCC/C=C\CCCCCCCC,A23,CN(C)CC(C)(C)N,Is6,NCCCCCCCC/C=C\CCCCCCCC,K23,OCCC(C)CCCC(C)C,Ac23,C(=O)CCC/C=C\C/C=C\C/C=C\C/C=C\CCCCC,ARCH_HEAD_LINKER_TAILA_TAILB,4CR
LNPhub_2V00000199,CCCCCCC(CCCC)C(=O)N(CCn1cccn1)C(CCCC(=O)OC)(CCCC(=O)OC)C(=O)NC1CCCCC1,A4,n1cccn1CCN,Is4,NC1CCCCC1,K31,OC,Ac46,C(=O)C(CCCCCC)CCCC,ARCH_HEAD_LINKER_TAILA_TAILB,4CR
LNPhub_2V00000200,CC/C=C\C/C=C\C/C=C\CCCCCCCCC(=O)N(CCn1cccn1)C(CCCC(=O)OCCCCCCCCCCCCCCCCC)(CCCC(=O)OCCCCCCCCCCCCCCCCC)C(=O)NC(C)(C)C,A4,n1cccn1CCN,Is3,NC(C)(C)C,K46,OCCCCCCCCCCCCCCCCC,Ac21,C(=O)CCCCCCCC/C=C\C/C=C\C/C=C\CC,ARCH_HEAD_LINKER_TAILA_TAILB,4CR
LNPhub_2V00000201,CCCCCCCCCCCCC(CCCCCCCCCC)COC(=O)CCCC(CCCC(=O)OCC(CCCCCCCCCC)CCCCCCCCCCCC)(C(=O)NC1CCCCC1)N(CCCCN(CC)CC)C(=O)CCCCCCCCCC,A8,CCN(CC)CCCCN,Is4,NC1CCCCC1,K21,OCC(CCCCCCCCCCCC)CCCCCCCCCC,Ac9,C(=O)CCCCCCCCCC,ARCH_HEAD_LINKER_TAILA_TAILB,4CR
LNPhub_2V00000202,CC/C=C\C/C=C\C/C=C\C/C=C\C/C=C\CCCC(=O)N(CC12C[C@H]3C[C@@H](C1)C[C@@H](C2)C3)C(CCCC(=O)OCCCCCCCCCCCC)(CCCC(=O)OCCCCCCCCCCCC)C(=O)NCCCn1cccn1,A43,N(CC12C[C@H]3C[C@H](C[C@H](C3)C1)C2),Is8,NCCCn1nccc1,K41,OCCCCCCCCCCCC,Ac24,C(=O)CCC/C=C\C/C=C\C/C=C\C/C=C\C/C=C\CC,ARCH_HEAD_LINKER_TAILA_TAILB,4CR
LNPhub_2V00000203,CCCCCCCC(=O)N(C(C)CCCN(CC)CC)C(CCCC(=O)OCCC1=CC[C]2C[C]1C2(C)C)(CCCC(=O)OCCC1=CC[C]2C[C]1C2(C)C)C(=O)NCC(=O)OC,A9,CCN(CC)CCCC(C)N,Is0,NCC(=O)OC,K12,OCCC7=CC[C@@]8C[C@]7(C8(C)C),Ac6,C(=O)CCCCCCC,ARCH_HEAD_LINKER_TAILA_TAILB,4CR
LNPhub_2V00000204,CCCCCCCC/C=C\CCCCCCCCCCCC(=O)N(CCn1cccn1)C(CCCC(=O)OCC(CCCCCC)CCCCCCCC)(CCCC(=O)OCC(CCCCCC)CCCCCCCC)C(=O)NCCCCCCCC/C=C\CCCCCCCC,A4,n1cccn1CCN,Is6,NCCCCCCCC/C=C\CCCCCCCC,K19,OCC(CCCCCCCC)CCCCCC,Ac25,C(=O)CCCCCCCCCCC/C=C\CCCCCCCC,ARCH_HEAD_LINKER_TAILA_TAILB,4CR
LNPhub_2V00000205,CCCCC/C=C\C/C=C\C/C=C\C/C=C\CCCC(=O)N(CCCCCN(C)C)C(CCCC(=O)OCCCCCCCCCCCCCCCCC)(CCCC(=O)OCCCCCCCCCCCCCCCCC)C(=O)NCCCCCCCC/C=C\CCCCCCCC,A2,N(C)(C)CCCCCN,Is6,NCCCCCCCC/C=C\CCCCCCCC,K46,OCCCCCCCCCCCCCCCCC,Ac23,C(=O)CCC/C=C\C/C=C\C/C=C\C/C=C\CCCCC,ARCH_HEAD_LINKER_TAILA_TAILB,4CR
LNPhub_2V00000206,CCCCCCCCCCCCCCCCCCC(=O)N(CCN1CCS(=O)(=O)CC1)C(CCCC(=O)OC1(CC)C(C)(C)[C@@H]2CC[C@@]1(C)C2)(CCCC(=O)OC1(CC)C(C)(C)[C@@H]2CC[C@@]1(C)C2)C(=O)NC(C)(C)C,A47,C1CS(=O)(=O)CCN1CCN,Is3,NC(C)(C)C,K5,OC8(CC)[C@@]9(C)CC[C@H](C9)C8(C)(C),Ac17,C(=O)CCCCCCCCCCCCCCCCCC,ARCH_HEAD_LINKER_TAILA_TAILB,4CR
LNPhub_2V00000207,CCCCC/C=C\C/C=C\C/C=C\C/C=C\CCCC(=O)N(C12C[C@H]3C[C@@H](C1)C[C@@H](C2)C3)C(CCCC(=O)OCCCCCCCCCC)(CCCC(=O)OCCCCCCCCCC)C(=O)NCC(=O)OCCCCCCCC/C=C\C/C=C\CCCCC,A40,N(C12C[C@H]3C[C@H](C[C@H](C3)C1)C2),Is9,NCC(=O)OCCCCCCCC/C=C\C/C=C\CCCCC,K39,OCCCCCCCCCC,Ac23,C(=O)CCC/C=C\C/C=C\C/C=C\C/C=C\CCCCC,ARCH_HEAD_LINKER_TAILA_TAILB,4CR
LNPhub_2V00000208,CCCOC(=O)CCCC(CCCC(=O)OCCC)(C(=O)NCC(=O)OCC)N(CCCN(C(C)C)C(C)C)C(=O)CCCCCC(C)(C)C,A37,N(C(C)C)(C(C)C)CCCN,Is1,NCC(=O)OCC,K33,OCCC,Ac50,C(=O)CCCCCC(C)(C)C,ARCH_HEAD_LINKER_TAILA_TAILB,4CR
LNPhub_2V00000209,CCCCCCCCCCCCCCCCOC(=O)CCCC(CCCC(=O)OCCCCCCCCCCCCCCCC)(C(=O)NCCCC)N(CCC1CCN(CCC)CC1)C(=O)C1[C@H]2C[C@@H]3C[C@@H](C[C@H]1C3)C2,A30,C1CN(CCC)CCC1CCN,Is5,NCCCC,K45,OCCCCCCCCCCCCCCCC,Ac29,C(=O)C1[C@H]2C[C@@H]3C[C@H](C2)C[C@H]1C3,ARCH_HEAD_LINKER_TAILA_TAILB,4CR
LNPhub_2V00000210,CC/C=C\C/C=C\C/C=C\CCCCCCCCC(=O)N(CCCN1CCCCCC1)C(CCCC(=O)OC(CCCCCCCC)CCCCCCCC)(CCCC(=O)OC(CCCCCCCC)CCCCCCCC)C(=O)NC12C[C@H]3C[C@@H](C1)C[C@@H](C2)C3,A20,C1CCCCCN1CCCN,Is7,NC12C[C@H]3C[C@H](C[C@H](C3)C1)C2,K3,OC(CCCCCCCC)CCCCCCCC,Ac21,C(=O)CCCCCCCC/C=C\C/C=C\C/C=C\CC,ARCH_HEAD_LINKER_TAILA_TAILB,4CR
LNPhub_2V00000211,CCCCCCC(=O)N(C(C)CCCN(CC)CC)C(CCCC(=O)OCC1C[C@H]2C=C[C@@H]1C2)(CCCC(=O)OCC1C[C@H]2C=C[C@@H]1C2)C(=O)NCCCn1cccn1,A9,CCN(CC)CCCC(C)N,Is8,NCCCn1nccc1,K8,OCC1C[C@@H]2C[C@H]1C=C2,Ac5,C(=O)CCCCCC,ARCH_HEAD_LINKER_TAILA_TAILB,4CR
LNPhub_2V00000212,CC/C=C\C/C=C\C/C=C\C/C=C\C/C=C\C/C=C\CCC(=O)N(CCN1CCC(CC)CC1)C(CCCC(=O)OCC(CCCC)CCCCCC)(CCCC(=O)OCC(CCCC)CCCCCC)C(=O)NC1CCCCC1,A38,C1CC(CC)CCN1CCN,Is4,NC1CCCCC1,K22,OCC(CCCC)CCCCCC,Ac22,C(=O)CC/C=C\C/C=C\C/C=C\C/C=C\C/C=C\C/C=C\CC,ARCH_HEAD_LINKER_TAILA_TAILB,4CR
LNPhub_2V00000213,CCCCCCCC/C=C\CCCCCCCCNC(=O)C(CCCC(=O)OCC1C[C@H]2C=C[C@@H]1C2)(CCCC(=O)OCC1C[C@H]2C=C[C@@H]1C2)N(CCCCCN(C)C)C(=O)C(CCCC)CCCCCC,A2,N(C)(C)CCCCCN,Is6,NCCCCCCCC/C=C\CCCCCCCC,K8,OCC1C[C@@H]2C[C@H]1C=C2,Ac46,C(=O)C(CCCCCC)CCCC,ARCH_HEAD_LINKER_TAILA_TAILB,4CR
LNPhub_2V00000214,CCCCCCCCC/C=C\CCCCCCCCOC(=O)CCCC(CCCC(=O)OCCCCCCCC/C=C\CCCCCCCCC)(C(=O)NC1CCCCC1)N(CC(C)CN(C)C)C(=O)C1CCCC1,A15,CN(C)CC(C)CN,Is4,NC1CCCCC1,K1,OCCCCCCCC/C=C\CCCCCCCCC,Ac38,C(=O)C8CCCC8,ARCH_HEAD_LINKER_TAILA_TAILB,4CR
LNPhub_2V00000215,CCCCC/C=C\C/C=C\CCCCCCCCOC(=O)CNC(=O)C(CCCC(=O)OC(C)(CC)CCCC(C)C)(CCCC(=O)OC(C)(CC)CCCC(C)C)N(CCCN1CCOCC1)C(=O)C1CCC1,A50,C1COCCN1CCCN,Is9,NCC(=O)OCCCCCCCC/C=C\C/C=C\CCCCC,K24,OC(C)(CC)CCCC(C)C,Ac37,C(=O)C8CCC8,ARCH_HEAD_LINKER_TAILA_TAILB,4CR
LNPhub_2V00000216,CCCCC/C=C\C/C=C\CCCCCCCC(=O)N(CCN1CCS(=O)(=O)CC1)C(CCCC(=O)OC(C1CCCCC1)(C1CCCCC1)C1CCCCC1)(CCCC(=O)OC(C1CCCCC1)(C1CCCCC1)C1CCCCC1)C(=O)NC12C[C@H]3C[C@@H](C1)C[C@@H](C2)C3,A47,C1CS(=O)(=O)CCN1CCN,Is7,NC12C[C@H]3C[C@H](C[C@H](C3)C1)C2,K18,OC(C7CCCCC7)(C8CCCCC8)C9CCCCC9,Ac20,C(=O)CCCCCCC/C=C\C/C=C\CCCCC,ARCH_HEAD_LINKER_TAILA_TAILB,4CR
LNPhub_2V00000217,C=C1CC[C](OC(=O)CCCC(CCCC(=O)O[C]2CCC(=C)/C(=C\C=C3/CCC[C@]4(C)[C]([C](C)CCCC(C)C)CC[C]34)C2)(C(=O)NC(C)(C)C)N(Cc2cccnc2)C(=O)CCCCCCCCCC)C/C1=C/C=C1\CCC[C@]2(C)[C]([C](C)CCCC(C)C)CC[C]12,A52,c1ccncc1CN,Is3,NC(C)(C)C,K30,O[C@@]1CCC(=C)/C(C1)=C\C=C2/CCC[C@]3(C)[C@]([C@](C)CCCC(C)C)CC[C@@]23,Ac9,C(=O)CCCCCCCCCC,ARCH_HEAD_LINKER_TAILA_TAILB,4CR
LNPhub_2V00000218,CCCCCCCCOC(=O)CCCC(CCCC(=O)OCCCCCCCC)(C(=O)NCCCn1cccn1)N(CCCN(C)CO)C(=O)C[C@H](C)CCC=C(C)C,A35,OCN(C)CCCN,Is8,NCCCn1nccc1,K37,OCCCCCCCC,Ac44,C(=O)C[C@H](C)CCC=C(C)C,ARCH_HEAD_LINKER_TAILA_TAILB,4CR
LNPhub_2V00000219,CCCCCCOC(=O)CCCC(CCCC(=O)OCCCCCC)(C(=O)NCC(=O)OC)N(CCn1ccnc1)C(=O)CCC,A45,c1cncn1CCN,Is0,NCC(=O)OC,K35,OCCCCCC,Ac2,C(=O)CCC,ARCH_HEAD_LINKER_TAILA_TAILB,4CR
LNPhub_2V00000220,CCCCCCCCC/C=C\CCCCCCCCOC(=O)CCCC(CCCC(=O)OCCCCCCCC/C=C\CCCCCCCCC)(C(=O)NC1[C@H]2C[C@@H]3C[C@@H](C[C@H]1C3)C2)N(CCCN1CCCC1)C(=O)CC,A6,C1CCCN1CCCN,Is10,NC1[C@H]2C[C@@H]3C[C@H](C2)C[C@H]1C3,K1,OCCCCCCCC/C=C\CCCCCCCCC,Ac1,C(=O)CC,ARCH_HEAD_LINKER_TAILA_TAILB,4CR
LNPhub_2V00000221,C=C(C)[C]1CC=C(COC(=O)CCCC(CCCC(=O)OCC2=CC[C](C(=C)C)CC2)(C(=O)NC(C)(C)C)N(CCN2CCCC2)C(=O)CCCCCC)CC1,A13,C1CCCN1CCN,Is3,NC(C)(C)C,K11,OCC7=CC[C@](C(=C)C)CC7,Ac5,C(=O)CCCCCC,ARCH_HEAD_LINKER_TAILA_TAILB,4CR
LNPhub_2V00000222,CCCCCCCOC(=O)CCCC(CCCC(=O)OCCCCCCC)(C(=O)NCC(=O)OC(C)(C)C)N(CCN1CCCC1)C(=O)C1CCCCCCCCCCC1,A13,C1CCCN1CCN,Is2,NCC(=O)OC(C)(C)C,K36,OCCCCCCC,Ac42,C(=O)C8CCCCCCCCCCC8,ARCH_HEAD_LINKER_TAILA_TAILB,4CR
LNPhub_2V00000223,CC(C)(C)NC(=O)C(CCCC(=O)O[C@H]1C[C@@H]2CC[C@H]1C2)(CCCC(=O)O[C@H]1C[C@@H]2CC[C@H]1C2)N(Cc1cccnc1)C(=O)[C@@H]1C[C@H]2C=C[C@@H]1C2,A52,c1ccncc1CN,Is3,NC(C)(C)C,K7,O[C@H]1C[C@@H]2CC[C@H]1C2,Ac52,C(=O)[C@@H]1C[C@@H]2C[C@H]1C=C2,ARCH_HEAD_LINKER_TAILA_TAILB,4CR
LNPhub_2V00000224,C=C1CC[C](OC(=O)CCCC(CCCC(=O)O[C]2CCC(=C)/C(=C\C=C3/CCC[C@]4(C)[C]([C](C)CCCC(C)C)CC[C]34)C2)(C(=O)NCCCCCCCC/C=C\CCCCCCCC)N(CCN2CCOCC2)C(=O)CCCCC)C/C1=C/C=C1\CCC[C@]2(C)[C]([C](C)CCCC(C)C)CC[C]12,A51,C1COCCN1CCN,Is6,NCCCCCCCC/C=C\CCCCCCCC,K30,O[C@@]1CCC(=C)/C(C1)=C\C=C2/CCC[C@]3(C)[C@]([C@](C)CCCC(C)C)CC[C@@]23,Ac4,C(=O)CCCCC,ARCH_HEAD_LINKER_TAILA_TAILB,4CR
LNPhub_2V00000225,CCCC(=O)N(C1CCN(Cc2ccccc2)CC1)C(CCCC(=O)OC12C[C@H]3C[C@@H](C1)C[C@@H](C2)C3)(CCCC(=O)OC12C[C@H]3C[C@@H](C1)C[C@@H](C2)C3)C(=O)NC1CCCCC1,A49,C1CN(Cc2ccccc2)CCC1N,Is4,NC1CCCCC1,K50,OC12C[C@H]3C[C@H](C[C@H](C3)C1)C2,Ac2,C(=O)CCC,ARCH_HEAD_LINKER_TAILA_TAILB,4CR
LNPhub_2V00000226,CCCCCCCCCCCCCOC(=O)CCCC(CCCC(=O)OCCCCCCCCCCCCC)(C(=O)NCCCn1cccn1)N(CC(CC)N(C)C)C(=O)CCCCCCCCCCC,A24,CN(C)C(CC)CN,Is8,NCCCn1nccc1,K42,OCCCCCCCCCCCCC,Ac10,C(=O)CCCCCCCCCCC,ARCH_HEAD_LINKER_TAILA_TAILB,4CR
LNPhub_2V00000227,C=C(C)[C]1CC[C](C)C[C]1OC(=O)CCCC(CCCC(=O)O[C]1C[C](C)CC[C]1C(=C)C)(C(=O)NCCCC)N(CCCCN(CC)CC)C(=O)C1CCC1,A8,CCN(CC)CCCCN,Is5,NCCCC,K9,O[C@@]7[C@@](C(=C)C)CC[C@](C)C7,Ac37,C(=O)C8CCC8,ARCH_HEAD_LINKER_TAILA_TAILB,4CR
LNPhub_2V00000228,CC(C)=CCC/C(C)=C\COC(=O)CCCC(CCCC(=O)OC/C=C(/C)CCC=C(C)C)(C(=O)NC(C)(C)C)N(CCCN(C)C)C(=O)C1CCCCCC1,A10,N(C)(C)CCCN,Is3,NC(C)(C)C,K16,OC/C=C(C)\CCC=C(C)C,Ac40,C(=O)C8CCCCCC8,ARCH_HEAD_LINKER_TAILA_TAILB,4CR
LNPhub_2V00000229,CCCCCCCCCCCCCCCCCOC(=O)CCCC(CCCC(=O)OCCCCCCCCCCCCCCCCC)(C(=O)NCC(=O)OC)N(CCN(CC)CC)C(=O)C(CCCC)CCCC,A18,CCN(CC)CCN,Is0,NCC(=O)OC,K46,OCCCCCCCCCCCCCCCCC,Ac48,C(=O)C(CCCC)CCCC,ARCH_HEAD_LINKER_TAILA_TAILB,4CR
LNPhub_2V00000230,CC/C=C\C/C=C\C/C=C\C/C=C\C/C=C\CCCC(=O)N(CCCCCN(C(C)C)C(C)C)C(CCCC(=O)OC(CCCCCCCC)CCCCCCCC)(CCCC(=O)OC(CCCCCCCC)CCCCCCCC)C(=O)NC12C[C@H]3C[C@@H](C1)C[C@@H](C2)C3,A31,CC(C)N(C(C)C)CCCCCN,Is7,NC12C[C@H]3C[C@H](C[C@H](C3)C1)C2,K3,OC(CCCCCCCC)CCCCCCCC,Ac24,C(=O)CCC/C=C\C/C=C\C/C=C\C/C=C\C/C=C\CC,ARCH_HEAD_LINKER_TAILA_TAILB,4CR
LNPhub_2V00000231,CCCCCC(=O)N(Cc1cccnc1)C(CCCC(=O)OCC(CC)CCCC)(CCCC(=O)OCC(CC)CCCC)C(=O)NC1CCCCC1,A52,c1ccncc1CN,Is4,NC1CCCCC1,K27,OCC(CC)CCCC,Ac4,C(=O)CCCCC,ARCH_HEAD_LINKER_TAILA_TAILB,4CR
LNPhub_2V00000232,CCCCC/C=C\C/C=C\CCCCCCCC(=O)N(CCCCCN(C)C)C(CCCC(=O)O[C@](C)(CCC=C(C)C)[C@H]1CC=C(C)CC1)(CCCC(=O)O[C@](C)(CCC=C(C)C)[C@H]1CC=C(C)CC1)C(=O)NCCCCCCCC/C=C\CCCCCCCC,A2,N(C)(C)CCCCCN,Is6,NCCCCCCCC/C=C\CCCCCCCC,K14,O[C@@](C)(CCC=C(C)C)[C@H]7C/C=C(C)\CC7,Ac20,C(=O)CCCCCCC/C=C\C/C=C\CCCCC,ARCH_HEAD_LINKER_TAILA_TAILB,4CR
LNPhub_2V00000233,C=C(C)[C]1CC[C](C)C[C]1OC(=O)CCCC(CCCC(=O)O[C]1C[C](C)CC[C]1C(=C)C)(C(=O)NCCCn1cccn1)N(CCCCCN(C(C)C)C(C)C)C(=O)CCCCCCC/C=C\CCCCCCCC,A31,CC(C)N(C(C)C)CCCCCN,Is8,NCCCn1nccc1,K9,O[C@@]7[C@@](C(=C)C)CC[C@](C)C7,Ac19,C(=O)CCCCCCC/C=C\CCCCCCCC,ARCH_HEAD_LINKER_TAILA_TAILB,4CR
LNPhub_2V00000234,C=C(C)[C]1CC[C](C)C[C]1OC(=O)CCCC(CCCC(=O)O[C]1C[C](C)CC[C]1C(=C)C)(C(=O)NCC(=O)OC)N(CCCn1ccnc1)C(=O)C[C@H](C)CCC=C(C)C,A48,c1cncn1CCCN,Is0,NCC(=O)OC,K9,O[C@@]7[C@@](C(=C)C)CC[C@](C)C7,Ac44,C(=O)C[C@H](C)CCC=C(C)C,ARCH_HEAD_LINKER_TAILA_TAILB,4CR
LNPhub_2V00000235,CCCCCCCCCCCCCOC(=O)CCCC(CCCC(=O)OCCCCCCCCCCCCC)(C(=O)NC(C)(C)C)N(CCN1CCCCC1)C(=O)C1CC1,A19,C1CCCCN1CCN,Is3,NC(C)(C)C,K42,OCCCCCCCCCCCCC,Ac36,C(=O)C8CC8,ARCH_HEAD_LINKER_TAILA_TAILB,4CR
LNPhub_2V00000236,C=C1CC[C](OC(=O)CCCC(CCCC(=O)O[C]2CCC(=C)/C(=C\C=C3/CCC[C@]4(C)[C]([C](C)CCCC(C)C)CC[C]34)C2)(C(=O)NCC(=O)OC)N(CCN(C)C)C(=O)C23CC4C[C@@](C)(C2)C[C@](C)(C4)C3)C/C1=C/C=C1\CCC[C@]2(C)[C]([C](C)CCCC(C)C)CC[C]12,A5,N(C)(C)CCN,Is0,NCC(=O)OC,K30,O[C@@]1CCC(=C)/C(C1)=C\C=C2/CCC[C@]3(C)[C@]([C@](C)CCCC(C)C)CC[C@@]23,Ac34,C(=O)C78C[C@]9(C)CC(C7)C[C@](C9)(C)C8,ARCH_HEAD_LINKER_TAILA_TAILB,4CR
LNPhub_2V00000237,CCCCCCCCCCCCCOC(=O)CCCC(CCCC(=O)OCCCCCCCCCCCCC)(C(=O)NC(C)(C)C)N(CCCn1ccnc1)C(=O)CCCC,A48,c1cncn1CCCN,Is3,NC(C)(C)C,K42,OCCCCCCCCCCCCC,Ac3,C(=O)CCCC,ARCH_HEAD_LINKER_TAILA_TAILB,4CR
LNPhub_2V00000238,CCCCCCCCCCCCCCCCCCOC(=O)CCCC(CCCC(=O)OCCCCCCCCCCCCCCCCCC)(C(=O)NCCCC)N(CCN1CCC(CC)CC1)C(=O)CC1[C@H]2C[C@@H]3C[C@@H](C[C@H]1C3)C2,A38,C1CC(CC)CCN1CCN,Is5,NCCCC,K47,OCCCCCCCCCCCCCCCCCC,Ac30,C(=O)CC1[C@H]2C[C@@H]3C[C@H](C2)C[C@H]1C3,ARCH_HEAD_LINKER_TAILA_TAILB,4CR
LNPhub_2V00000239,CCCCCCCCC(CCCCCC)COC(=O)CCCC(CCCC(=O)OCC(CCCCCC)CCCCCCCC)(C(=O)NCCCC)N(CCC1CCN(CC)CC1)C(=O)C(CCCCCC)CCCCCCCC,A28,C1CN(CC)CCC1CCN,Is5,NCCCC,K19,OCC(CCCCCCCC)CCCCCC,Ac18,C(=O)C(CCCCCC)CCCCCCCC,ARCH_HEAD_LINKER_TAILA_TAILB,4CR
LNPhub_2V00000240,CC/C=C\C/C=C\C/C=C\C/C=C\C/C=C\C/C=C\CCC(=O)N(C(C)CCCN(CC)CC)C(CCCC(=O)O[C@](C)(CCC=C(C)C)[C@H]1CC=C(C)CC1)(CCCC(=O)O[C@](C)(CCC=C(C)C)[C@H]1CC=C(C)CC1)C(=O)NCCCn1cccn1,A9,CCN(CC)CCCC(C)N,Is8,NCCCn1nccc1,K14,O[C@@](C)(CCC=C(C)C)[C@H]7C/C=C(C)\CC7,Ac22,C(=O)CC/C=C\C/C=C\C/C=C\C/C=C\C/C=C\C/C=C\CC,ARCH_HEAD_LINKER_TAILA_TAILB,4CR
LNPhub_2V00000241,CCCCCCCCCCCCCOC(=O)CCCC(CCCC(=O)OCCCCCCCCCCCCC)(C(=O)NCC(=O)OC(C)(C)C)N(CC(C)CN(C)C)C(=O)C1CCCCCCCCCC1,A15,CN(C)CC(C)CN,Is2,NCC(=O)OC(C)(C)C,K42,OCCCCCCCCCCCCC,Ac41,C(=O)C8CCCCCCCCCC8,ARCH_HEAD_LINKER_TAILA_TAILB,4CR
LNPhub_2V00000242,CCCCCCCCCCOC(=O)CCCC(CCCC(=O)OCCCCCCCCCC)(C(=O)NCC(=O)OC(C)(C)C)N(CCCN(CCC)CCC)C(=O)CCCCCCCCCC,A32,N(CCC)(CCC)CCCN,Is2,NCC(=O)OC(C)(C)C,K39,OCCCCCCCCCC,Ac9,C(=O)CCCCCCCCCC,ARCH_HEAD_LINKER_TAILA_TAILB,4CR
LNPhub_2V00000243,CCCCCCCC/C=C\CCCCCCCCNC(=O)C(CCCC(=O)O[C@H]1C[C@@H]2CC[C@H]1C2)(CCCC(=O)O[C@H]1C[C@@H]2CC[C@H]1C2)N(CCn1cccn1)C(=O)C(CCCCCCCC)CCCCCCCC,A4,n1cccn1CCN,Is6,NCCCCCCCC/C=C\CCCCCCCC,K7,O[C@H]1C[C@@H]2CC[C@H]1C2,Ac47,C(=O)C(CCCCCCCC)CCCCCCCC,ARCH_HEAD_LINKER_TAILA_TAILB,4CR
LNPhub_2V00000244,CCCCCCCCOC(=O)CCCC(CCCC(=O)OCCCCCCCC)(C(=O)NC12C[C@H]3C[C@@H](C1)C[C@@H](C2)C3)N(CCCN(C)C)C(C)=O,A10,N(C)(C)CCCN,Is7,NC12C[C@H]3C[C@H](C[C@H](C3)C1)C2,K37,OCCCCCCCC,Ac0,C(=O)C,ARCH_HEAD_LINKER_TAILA_TAILB,4CR
LNPhub_2V00000245,CCCC/C=C\CCCCCCCCC(=O)N(CCN1CCCN(C)CC1)C(CCCC(=O)OCCCCCCCC/C=C\C/C=C\CCCCC)(CCCC(=O)OCCCCCCCC/C=C\C/C=C\CCCCC)C(=O)NCCCn1cccn1,A16,C1CN(C)CCCN1CCN,Is8,NCCCn1nccc1,K0,OCCCCCCCC/C=C\C/C=C\CCCCC,Ac28,C(=O)CCCCCCCC/C=C\CCCC,ARCH_HEAD_LINKER_TAILA_TAILB,4CR
LNPhub_2V00000246,CCCCCCC#CCCOC(=O)CCCC(CCCC(=O)OCCC#CCCCCCC)(C(=O)NCCCn1cccn1)N(CCCn1ccnc1)C(=O)C=C(C)/C=C/C=C(C)/C=C/C1=C(C)CCCC1(C)C,A48,c1cncn1CCCN,Is8,NCCCn1nccc1,K2,OCCC#CCCCCCC,Ac43,C(=O)/C=C(C)/C=C/C=C(C)/C=C/C1=C(C)\CCCC1(C)(C),ARCH_HEAD_LINKER_TAILA_TAILB,4CR
LNPhub_2V00000247,CC1CC(C(=O)N(C2CCN(C)CC2)C(CCCC(=O)OC2CCC[C@@H]3CCCC[C@H]23)(CCCC(=O)OC2CCC[C@@H]3CCCC[C@H]23)C(=O)NC23C[C@H]4C[C@@H](C2)C[C@@H](C3)C4)C2CCCC12,A25,C1CN(C)CCC1N,Is7,NC12C[C@H]3C[C@H](C[C@H](C3)C1)C2,K6,OC8[C@H]9CCCC[C@H]9CCC8,Ac35,C(=O)C8CC(C)C9CCCC89,ARCH_HEAD_LINKER_TAILA_TAILB,4CR
LNPhub_2V00000248,CCC1CCCCN1CCN(C(=O)C=C(C)/C=C/C=C(C)/C=C/C1=C(C)CCCC1(C)C)C(CCCC(=O)OC12C[C@H]3C[C@@H](C1)C[C@@H](C2)C3)(CCCC(=O)OC12C[C@H]3C[C@@H](C1)C[C@@H](C2)C3)C(=O)NCC(=O)OC,A41,C1(CC)CCCCN1CCN,Is0,NCC(=O)OC,K50,OC12C[C@H]3C[C@H](C[C@H](C3)C1)C2,Ac43,C(=O)/C=C(C)/C=C/C=C(C)/C=C/C1=C(C)\CCCC1(C)(C),ARCH_HEAD_LINKER_TAILA_TAILB,4CR
LNPhub_2V00000249,CCCCCCCC/C=C\CCCCCCCCNC(=O)C(CCCC(=O)OCCCCCCCC/C=C\CCCCCCCCC)(CCCC(=O)OCCCCCCCC/C=C\CCCCCCCCC)N(CCN1CCOCC1)C(=O)C1CCC1,A51,C1COCCN1CCN,Is6,NCCCCCCCC/C=C\CCCCCCCC,K1,OCCCCCCCC/C=C\CCCCCCCCC,Ac37,C(=O)C8CCC8,ARCH_HEAD_LINKER_TAILA_TAILB,4CR
LNPhub_2V00000250,CCCCCCCCCCCCOC(=O)CCCC(CCCC(=O)OCCCCCCCCCCCC)(C(=O)NCC(=O)OCC)N(CCCN(C)CO)C(=O)CCCCCCCC,A35,OCN(C)CCCN,Is1,NCC(=O)OCC,K41,OCCCCCCCCCCCC,Ac7,C(=O)CCCCCCCC,ARCH_HEAD_LINKER_TAILA_TAILB,4CR
LNPhub_2V00000251,C=C1CC[C](OC(=O)CCCC(CCCC(=O)O[C]2CCC(=C)/C(=C\C=C3/CCC[C@]4(C)[C]([C](C)CCCC(C)C)CC[C]34)C2)(C(=O)NC(C)(C)C)N(CCCN2CCCCCC2)C(=O)C2CCCCCC2)C/C1=C/C=C1\CCC[C@]2(C)[C]([C](C)CCCC(C)C)CC[C]12,A20,C1CCCCCN1CCCN,Is3,NC(C)(C)C,K30,O[C@@]1CCC(=C)/C(C1)=C\C=C2/CCC[C@]3(C)[C@]([C@](C)CCCC(C)C)CC[C@@]23,Ac40,C(=O)C8CCCCCC8,ARCH_HEAD_LINKER_TAILA_TAILB,4CR
LNPhub_2V00000252,CC/C=C\C/C=C\C/C=C\CCCCCCCCC(=O)N(CCN1CCCC1)C(CCCC(=O)O[C@](C)(CCC=C(C)C)[C@H]1CC=C(C)CC1)(CCCC(=O)O[C@](C)(CCC=C(C)C)[C@H]1CC=C(C)CC1)C(=O)NC1CCCCC1,A13,C1CCCN1CCN,Is4,NC1CCCCC1,K14,O[C@@](C)(CCC=C(C)C)[C@H]7C/C=C(C)\CC7,Ac21,C(=O)CCCCCCCC/C=C\C/C=C\C/C=C\CC,ARCH_HEAD_LINKER_TAILA_TAILB,4CR
LNPhub_2V00000253,CCCCCCOC(=O)CCCC(CCCC(=O)OCCCCCC)(C(=O)NCCCn1cccn1)N(CCn1ccnc1)C(=O)C12C[C@H]3C[C@@H](C1)C[C@@H](C2)C3,A45,c1cncn1CCN,Is8,NCCCn1nccc1,K35,OCCCCCC,Ac31,C(=O)C12C[C@H]3C[C@H](C[C@H](C3)C1)C2,ARCH_HEAD_LINKER_TAILA_TAILB,4CR
LNPhub_2V00000254,CCCCCCCCCCCCCCCCCCC(=O)N(CCCN(C)C)C(CCCC(=O)OC)(CCCC(=O)OC)C(=O)NC(C)(C)C,A10,N(C)(C)CCCN,Is3,NC(C)(C)C,K31,OC,Ac17,C(=O)CCCCCCCCCCCCCCCCCC,ARCH_HEAD_LINKER_TAILA_TAILB,4CR
LNPhub_2V00000255,CCCCCCCCCCCCCC(=O)N(CCCN(CCO)CCO)C(CCCC(=O)OC/C=C(\C)CC/C=C(\C)CCC=C(C)C)(CCCC(=O)OC/C=C(\C)CC/C=C(\C)CCC=C(C)C)C(=O)NC(C)(C)C,A46,OCCN(CCO)CCCN,Is3,NC(C)(C)C,K13,OC/C=C(C)/CC/C=C(C)/CCC=C(C)C,Ac12,C(=O)CCCCCCCCCCCCC,ARCH_HEAD_LINKER_TAILA_TAILB,4CR
LNPhub_2V00000256,CCCCC/C=C\C/C=C\CCCCCCCCOC(=O)CNC(=O)C(CCCC(=O)OCC)(CCCC(=O)OCC)N(CCCCCCCC/C=C\CCCCCCCC)C(=O)C[C@H](C)CCC=C(C)C,A0,N(CCCCCCCC/C=C\CCCCCCCC),Is9,NCC(=O)OCCCCCCCC/C=C\C/C=C\CCCCC,K32,OCC,Ac44,C(=O)C[C@H](C)CCC=C(C)C,ARCH_HEAD_LINKER_TAILA_TAILB,4CR
LNPhub_2V00000257,CCCCC/C=C\C/C=C\CCCCCCCCOC(=O)CNC(=O)C(CCCC(=O)OCCCCCCC)(CCCC(=O)OCCCCCCC)N(CCN1CCS(=O)(=O)CC1)C(=O)C1CC1,A47,C1CS(=O)(=O)CCN1CCN,Is9,NCC(=O)OCCCCCCCC/C=C\C/C=C\CCCCC,K36,OCCCCCCC,Ac36,C(=O)C8CC8,ARCH_HEAD_LINKER_TAILA_TAILB,4CR
LNPhub_2V00000258,CCCCCCCCCCC(=O)N(CC12C[C@H]3C[C@@H](C1)C[C@@H](C2)C3)C(CCCC(=O)OC/C=C(C)/C=C/C=C(C)/C=C/C1=C(C)CCCC1(C)C)(CCCC(=O)OC/C=C(C)/C=C/C=C(C)/C=C/C1=C(C)CCCC1(C)C)C(=O)NCCCn1cccn1,A43,N(CC12C[C@H]3C[C@H](C[C@H](C3)C1)C2),Is8,NCCCn1nccc1,K28,OC/C=C(C)/C=C/C=C(C)/C=C/C1=C(C)\CCCC1(C)(C),Ac9,C(=O)CCCCCCCCCC,ARCH_HEAD_LINKER_TAILA_TAILB,4CR
LNPhub_2V00000259,CCCCCCCC/C=C\CCCCCCCCN(C(=O)C1CCCCC1)C(CCCC(=O)OCCC)(CCCC(=O)OCCC)C(=O)NC1CCCCC1,A0,N(CCCCCCCC/C=C\CCCCCCCC),Is4,NC1CCCCC1,K33,OCCC,Ac39,C(=O)C8CCCCC8,ARCH_HEAD_LINKER_TAILA_TAILB,4CR
LNPhub_2V00000260,CCCCCCCCCCCCCCCCCCC(=O)N(CCCN1CCCCCC1)C(CCCC(=O)OC1(CC)C(C)(C)[C@@H]2CC[C@@]1(C)C2)(CCCC(=O)OC1(CC)C(C)(C)[C@@H]2CC[C@@]1(C)C2)C(=O)NCC(=O)OC(C)(C)C,A20,C1CCCCCN1CCCN,Is2,NCC(=O)OC(C)(C)C,K5,OC8(CC)[C@@]9(C)CC[C@H](C9)C8(C)(C),Ac17,C(=O)CCCCCCCCCCCCCCCCCC,ARCH_HEAD_LINKER_TAILA_TAILB,4CR
LNPhub_2V00000261,CCCCCCC(=O)N(CCCCN(CC)CC)C(CCCC(=O)OC/C=C(\C)CC/C=C(\C)CCC=C(C)C)(CCCC(=O)OC/C=C(\C)CC/C=C(\C)CCC=C(C)C)C(=O)NCC(=O)OC,A8,CCN(CC)CCCCN,Is0,NCC(=O)OC,K13,OC/C=C(C)/CC/C=C(C)/CCC=C(C)C,Ac5,C(=O)CCCCCC,ARCH_HEAD_LINKER_TAILA_TAILB,4CR
LNPhub_2V00000262,CCCCCCCC/C=C\CCCCCCCCCCCC(=O)N(CC(C)(C)CN(C)C)C(CCCC(=O)OC(C1CCCCC1)(C1CCCCC1)C1CCCCC1)(CCCC(=O)OC(C1CCCCC1)(C1CCCCC1)C1CCCCC1)C(=O)NCC(=O)OCC,A29,CN(C)CC(C)(C)CN,Is1,NCC(=O)OCC,K18,OC(C7CCCCC7)(C8CCCCC8)C9CCCCC9,Ac25,C(=O)CCCCCCCCCCC/C=C\CCCCCCCC,ARCH_HEAD_LINKER_TAILA_TAILB,4CR
LNPhub_2V00000263,CCCCCCCCCCCCCCCOC(=O)CCCC(CCCC(=O)OCCCCCCCCCCCCCCC)(C(=O)NCC(=O)OC(C)(C)C)N(CCn1cccn1)C(=O)C(CCC)CCC,A4,n1cccn1CCN,Is2,NCC(=O)OC(C)(C)C,K44,OCCCCCCCCCCCCCCC,Ac49,C(=O)C(CCC)CCC,ARCH_HEAD_LINKER_TAILA_TAILB,4CR
LNPhub_2V00000264,CCCCCCCCCCCCCCC(=O)N(CCCN(CCCC)CCCC)C(CCCC(=O)OCCC)(CCCC(=O)OCCC)C(=O)NCC(=O)OCC,A34,N(CCCC)(CCCC)CCCN,Is1,NCC(=O)OCC,K33,OCCC,Ac13,C(=O)CCCCCCCCCCCCCC,ARCH_HEAD_LINKER_TAILA_TAILB,4CR
LNPhub_2V00000265,CCCCCCC(=O)N(CCCCCN(C(C)C)C(C)C)C(CCCC(=O)OC(C1CCCCC1)(C1CCCCC1)C1CCCCC1)(CCCC(=O)OC(C1CCCCC1)(C1CCCCC1)C1CCCCC1)C(=O)NCCCn1cccn1,A31,CC(C)N(C(C)C)CCCCCN,Is8,NCCCn1nccc1,K18,OC(C7CCCCC7)(C8CCCCC8)C9CCCCC9,Ac5,C(=O)CCCCCC,ARCH_HEAD_LINKER_TAILA_TAILB,4CR
LNPhub_2V00000266,CCC1CCCCN1CCCN(C(=O)C1CCCCC1)C(CCCC(=O)OC12C[C@H]3C[C@@H](C1)C[C@@H](C2)C3)(CCCC(=O)OC12C[C@H]3C[C@@H](C1)C[C@@H](C2)C3)C(=O)NC12C[C@H]3C[C@@H](C1)C[C@@H](C2)C3,A36,C1(CC)CCCCN1CCCN,Is7,NC12C[C@H]3C[C@H](C[C@H](C3)C1)C2,K50,OC12C[C@H]3C[C@H](C[C@H](C3)C1)C2,Ac39,C(=O)C8CCCCC8,ARCH_HEAD_LINKER_TAILA_TAILB,4CR
LNPhub_2V00000267,CCCCCCCCCCCCCCCC(=O)N(CCCN(CC)CC)C(CCCC(=O)OCC(CCCCCCCCCC)CCCCCCCCCCCC)(CCCC(=O)OCC(CCCCCCCCCC)CCCCCCCCCCCC)C(=O)NC12C[C@H]3C[C@@H](C1)C[C@@H](C2)C3,A11,N(CC)(CC)CCCN,Is7,NC12C[C@H]3C[C@H](C[C@H](C3)C1)C2,K21,OCC(CCCCCCCCCCCC)CCCCCCCCCC,Ac14,C(=O)CCCCCCCCCCCCCCC,ARCH_HEAD_LINKER_TAILA_TAILB,4CR
LNPhub_2V00000268,CC1=C(/C=C/C(C)=C/C=C/C(C)=C/COC(=O)CCCC(CCCC(=O)OC/C=C(C)/C=C/C=C(C)/C=C/C2=C(C)CCCC2(C)C)(C(=O)NCC(=O)OC(C)(C)C)N(CCCN2CCOCC2)C(=O)C2CCCCC2)C(C)(C)CCC1,A50,C1COCCN1CCCN,Is2,NCC(=O)OC(C)(C)C,K28,OC/C=C(C)/C=C/C=C(C)/C=C/C1=C(C)\CCCC1(C)(C),Ac39,C(=O)C8CCCCC8,ARCH_HEAD_LINKER_TAILA_TAILB,4CR
LNPhub_2V00000269,CCCCC/C=C\C/C=C\CCCCCCCCOC(=O)CNC(=O)C(CCCC(=O)OCC1C[C@H]2C=C[C@@H]1C2)(CCCC(=O)OCC1C[C@H]2C=C[C@@H]1C2)N(C(=O)C1[C@H]2C[C@@H]3C[C@@H](C[C@H]1C3)C2)C(C)C12C[C@H]3C[C@@H](C1)C[C@@H](C2)C3,A42,N(C(C)C12C[C@H]3C[C@H](C[C@H](C3)C1)C2),Is9,NCC(=O)OCCCCCCCC/C=C\C/C=C\CCCCC,K8,OCC1C[C@@H]2C[C@H]1C=C2,Ac29,C(=O)C1[C@H]2C[C@@H]3C[C@H](C2)C[C@H]1C3,ARCH_HEAD_LINKER_TAILA_TAILB,4CR
LNPhub_2V00000270,CCCCCCCCCCCCCOC(=O)CCCC(CCCC(=O)OCCCCCCCCCCCCC)(C(=O)NC1CCCCC1)N(CCCN(CC)CC)C(=O)C[C@H](C)CCC=C(C)C,A11,N(CC)(CC)CCCN,Is4,NC1CCCCC1,K42,OCCCCCCCCCCCCC,Ac44,C(=O)C[C@H](C)CCC=C(C)C,ARCH_HEAD_LINKER_TAILA_TAILB,4CR
LNPhub_2V00000271,CCCCCCCCCCCCCCCCOC(=O)CCCC(CCCC(=O)OCCCCCCCCCCCCCCCC)(C(=O)NC12C[C@H]3C[C@@H](C1)C[C@@H](C2)C3)N(CCN(CCC)CCC)C(=O)CCCCCCCCC,A33,CCCN(CCC)CCN,Is7,NC12C[C@H]3C[C@H](C[C@H](C3)C1)C2,K45,OCCCCCCCCCCCCCCCC,Ac8,C(=O)CCCCCCCCC,ARCH_HEAD_LINKER_TAILA_TAILB,4CR
LNPhub_2V00000272,CCCCCCCCCCCCCCCCOC(=O)CCCC(CCCC(=O)OCCCCCCCCCCCCCCCC)(C(=O)NCCCC)N(C(=O)C1CCCCCCCCCC1)C(C)CCCN(CC)CC,A9,CCN(CC)CCCC(C)N,Is5,NCCCC,K45,OCCCCCCCCCCCCCCCC,Ac41,C(=O)C8CCCCCCCCCC8,ARCH_HEAD_LINKER_TAILA_TAILB,4CR
LNPhub_2V00000273,CC/C=C\C/C=C\C/C=C\C/C=C\C/C=C\C/C=C\CCC(=O)N(CCCN1CCN(CCCO)CC1)C(CCCC(=O)OC1CCC[C@@H]2CCCC[C@H]12)(CCCC(=O)OC1CCC[C@@H]2CCCC[C@H]12)C(=O)NC12C[C@H]3C[C@@H](C1)C[C@@H](C2)C3,A26,C1CN(CCCO)CCN1CCCN,Is7,NC12C[C@H]3C[C@H](C[C@H](C3)C1)C2,K6,OC8[C@H]9CCCC[C@H]9CCC8,Ac22,C(=O)CC/C=C\C/C=C\C/C=C\C/C=C\C/C=C\C/C=C\CC,ARCH_HEAD_LINKER_TAILA_TAILB,4CR
LNPhub_2V00000274,CCCCC/C=C\C/C=C\CCCCCCCCOC(=O)CNC(=O)C(CCCC(=O)OCCCC)(CCCC(=O)OCCCC)N(C(=O)CCCCCCCCC/C=C\CCCCCCCC)C(C)(C)CNCCO,A39,OCCNCC(C)(C)N,Is9,NCC(=O)OCCCCCCCC/C=C\C/C=C\CCCCC,K34,OCCCC,Ac27,C(=O)CCCCCCCCC/C=C\CCCCCCCC,ARCH_HEAD_LINKER_TAILA_TAILB,4CR
LNPhub_2V00000275,CCCCCCCCCOC(=O)CCCC(CCCC(=O)OCCCCCCCCC)(C(=O)NCCCn1cccn1)N(C(=O)C(C)(C)C)C1CCN(C)CC1,A25,C1CN(C)CCC1N,Is8,NCCCn1nccc1,K38,OCCCCCCCCC,Ac51,C(=O)C(C)(C)C,ARCH_HEAD_LINKER_TAILA_TAILB,4CR
LNPhub_2V00000276,CCCCCCCC/C=C\CCCCCCCC(=O)N(CCCN1CCCC1)C(CCCC(=O)OC12C[C@H]3C[C@@H](C1)C[C@@H](C2)C3)(CCCC(=O)OC12C[C@H]3C[C@@H](C1)C[C@@H](C2)C3)C(=O)NC(C)(C)C,A6,C1CCCN1CCCN,Is3,NC(C)(C)C,K50,OC12C[C@H]3C[C@H](C[C@H](C3)C1)C2,Ac19,C(=O)CCCCCCC/C=C\CCCCCCCC,ARCH_HEAD_LINKER_TAILA_TAILB,4CR
LNPhub_2V00000277,CCCCCCCCCCCCC(=O)N(CCCn1cccn1)C(CCCC(=O)OCC)(CCCC(=O)OCC)C(=O)NCCCn1cccn1,A1,n1cccn1CCCN,Is8,NCCCn1nccc1,K32,OCC,Ac11,C(=O)CCCCCCCCCCCC,ARCH_HEAD_LINKER_TAILA_TAILB,4CR
LNPhub_2V00000278,CCCCCCCC/C=C\CCCCCCCCCCCC(=O)N(CCCN(C(C)C)C(C)C)C(CCCC(=O)OCCCCCCCCCCC)(CCCC(=O)OCCCCCCCCCCC)C(=O)NCC(=O)OC(C)(C)C,A37,N(C(C)C)(C(C)C)CCCN,Is2,NCC(=O)OC(C)(C)C,K40,OCCCCCCCCCCC,Ac25,C(=O)CCCCCCCCCCC/C=C\CCCCCCCC,ARCH_HEAD_LINKER_TAILA_TAILB,4CR
LNPhub_2V00000279,CCCCCCCCCCCCCCCOC(=O)CCCC(CCCC(=O)OCCCCCCCCCCCCCCC)(C(=O)NCC(=O)OC)N(CCN1CCCC1)C(=O)CCCCCC(C)(C)C,A13,C1CCCN1CCN,Is0,NCC(=O)OC,K44,OCCCCCCCCCCCCCCC,Ac50,C(=O)CCCCCC(C)(C)C,ARCH_HEAD_LINKER_TAILA_TAILB,4CR
LNPhub_2V00000280,CCCC/C=C\CCCCCCCCC(=O)N(CCN1CCCCCC1)C(CCCC(=O)OC1[C@H]2C[C@@H]3C[C@@H](C[C@H]1C3)C2)(CCCC(=O)OC1[C@H]2C[C@@H]3C[C@@H](C[C@H]1C3)C2)C(=O)NCC(=O)OCC,A27,C1CCCCCN1CCN,Is1,NCC(=O)OCC,K48,OC1[C@H]2C[C@@H]3C[C@H](C2)C[C@H]1C3,Ac28,C(=O)CCCCCCCC/C=C\CCCC,ARCH_HEAD_LINKER_TAILA_TAILB,4CR
LNPhub_2V00000281,C=C1CC[C](OC(=O)CCCC(CCCC(=O)O[C]2CCC(=C)/C(=C\C=C3/CCC[C@]4(C)[C]([C](C)CCCC(C)C)CC[C]34)C2)(C(=O)NCCCC)N(C(=O)[C@@H]2C[C@H]3C=C[C@@H]2C3)C23C[C@H]4C[C@@H](C2)C[C@@H](C3)C4)C/C1=C/C=C1\CCC[C@]2(C)[C]([C](C)CCCC(C)C)CC[C]12,A40,N(C12C[C@H]3C[C@H](C[C@H](C3)C1)C2),Is5,NCCCC,K30,O[C@@]1CCC(=C)/C(C1)=C\C=C2/CCC[C@]3(C)[C@]([C@](C)CCCC(C)C)CC[C@@]23,Ac52,C(=O)[C@@H]1C[C@@H]2C[C@H]1C=C2,ARCH_HEAD_LINKER_TAILA_TAILB,4CR
LNPhub_2V00000282,C=C(C)[C]1CC[C](C)C[C]1OC(=O)CCCC(CCCC(=O)O[C]1C[C](C)CC[C]1C(=C)C)(C(=O)NCC(=O)OCCCCCCCC/C=C\C/C=C\CCCCC)N(CCCN1CCCN(C)CC1)C(=O)CCCCCCCCCCCCCCC,A14,C1CN(C)CCCN1CCCN,Is9,NCC(=O)OCCCCCCCC/C=C\C/C=C\CCCCC,K9,O[C@@]7[C@@](C(=C)C)CC[C@](C)C7,Ac14,C(=O)CCCCCCCCCCCCCCC,ARCH_HEAD_LINKER_TAILA_TAILB,4CR
LNPhub_2V00000283,CCCCCC(=O)N(CCCN1CCCCC1CC)C(CCCC(=O)OC(C)(CC)CCCC(C)C)(CCCC(=O)OC(C)(CC)CCCC(C)C)C(=O)NCC(=O)OC,A36,C1(CC)CCCCN1CCCN,Is0,NCC(=O)OC,K24,OC(C)(CC)CCCC(C)C,Ac4,C(=O)CCCCC,ARCH_HEAD_LINKER_TAILA_TAILB,4CR
LNPhub_2V00000284,CCCCC/C=C\C/C=C\CCCCCCCCOC(=O)CNC(=O)C(CCCC(=O)OCC1C[C@H]2C=C[C@@H]1C2)(CCCC(=O)OCC1C[C@H]2C=C[C@@H]1C2)N(CCCN1CCN(CCCO)CC1)C(=O)[C@@H]1C[C@H]2C=C[C@@H]1C2,A26,C1CN(CCCO)CCN1CCCN,Is9,NCC(=O)OCCCCCCCC/C=C\C/C=C\CCCCC,K8,OCC1C[C@@H]2C[C@H]1C=C2,Ac52,C(=O)[C@@H]1C[C@@H]2C[C@H]1C=C2,ARCH_HEAD_LINKER_TAILA_TAILB,4CR
LNPhub_2V00000285,CCCCCCOC(=O)CCCC(CCCC(=O)OCCCCCC)(C(=O)NC1CCCCC1)N(CCCN1CCCCCC1)C(=O)C12C[C@H]3C[C@@H](C1)C[C@@H](C2)C3,A20,C1CCCCCN1CCCN,Is4,NC1CCCCC1,K35,OCCCCCC,Ac31,C(=O)C12C[C@H]3C[C@H](C[C@H](C3)C1)C2,ARCH_HEAD_LINKER_TAILA_TAILB,4CR
LNPhub_2V00000286,C=C1CC[C](OC(=O)CCCC(CCCC(=O)O[C]2CCC(=C)/C(=C\C=C3/CCC[C@]4(C)[C]([C](C)CCCC(C)C)CC[C]34)C2)(C(=O)NCC(=O)OCCCCCCCC/C=C\C/C=C\CCCCC)N(CCCn2cccn2)C(=O)C23CC4C[C@@](C)(C2)C[C@](C)(C4)C3)C/C1=C/C=C1\CCC[C@]2(C)[C]([C](C)CCCC(C)C)CC[C]12,A1,n1cccn1CCCN,Is9,NCC(=O)OCCCCCCCC/C=C\C/C=C\CCCCC,K30,O[C@@]1CCC(=C)/C(C1)=C\C=C2/CCC[C@]3(C)[C@]([C@](C)CCCC(C)C)CC[C@@]23,Ac34,C(=O)C78C[C@]9(C)CC(C7)C[C@](C9)(C)C8,ARCH_HEAD_LINKER_TAILA_TAILB,4CR
LNPhub_2V00000287,CCCCCCCCCCCCCCCCCC(=O)N(CCn1ccnc1)C(CCCC(=O)OCC(CC)CCCC)(CCCC(=O)OCC(CC)CCCC)C(=O)NCCCC,A45,c1cncn1CCN,Is5,NCCCC,K27,OCC(CC)CCCC,Ac16,C(=O)CCCCCCCCCCCCCCCCC,ARCH_HEAD_LINKER_TAILA_TAILB,4CR
LNPhub_2V00000288,CCCCC/C=C\C/C=C\CCCCCCCCOC(=O)CNC(=O)C(CCCC(=O)OCC(CCCC)CCCCCC)(CCCC(=O)OCC(CCCC)CCCCCC)N(CCCN1CCCCC1)C(=O)[C@@H]1C[C@H]2C=C[C@@H]1C2,A17,C1CCCCN1CCCN,Is9,NCC(=O)OCCCCCCCC/C=C\C/C=C\CCCCC,K22,OCC(CCCC)CCCCCC,Ac52,C(=O)[C@@H]1C[C@@H]2C[C@H]1C=C2,ARCH_HEAD_LINKER_TAILA_TAILB,4CR
LNPhub_2V00000289,CCCCCCCCCCC(CCCCCCCC)COC(=O)CCCC(CCCC(=O)OCC(CCCCCCCC)CCCCCCCCCC)(C(=O)NCC(=O)OCC)N(C(=O)C(CCCC)CC(C)C)C1CCN(Cc2ccccc2)CC1,A49,C1CN(Cc2ccccc2)CCC1N,Is1,NCC(=O)OCC,K20,OCC(CCCCCCCC)CCCCCCCCCC,Ac45,C(=O)C(CCCC)CC(C)C,ARCH_HEAD_LINKER_TAILA_TAILB,4CR
LNPhub_2V00000290,C=C1CC[C](OC(=O)CCCC(CCCC(=O)O[C]2CCC(=C)/C(=C\C=C3/CCC[C@]4(C)[C]([C](C)CCCC(C)C)CC[C]34)C2)(C(=O)NCCCC)N(CCC2CCN(CCC)CC2)C(=O)C(CCCCCC)CCCCCCCC)C/C1=C/C=C1\CCC[C@]2(C)[C]([C](C)CCCC(C)C)CC[C]12,A30,C1CN(CCC)CCC1CCN,Is5,NCCCC,K30,O[C@@]1CCC(=C)/C(C1)=C\C=C2/CCC[C@]3(C)[C@]([C@](C)CCCC(C)C)CC[C@@]23,Ac18,C(=O)C(CCCCCC)CCCCCCCC,ARCH_HEAD_LINKER_TAILA_TAILB,4CR
LNPhub_2V00000291,CCCCCCC(CCCC)COC(=O)CCCC(CCCC(=O)OCC(CCCC)CCCCCC)(C(=O)NCC(=O)OC)N(CCCN1CCCCC1CC)C(=O)C(CCCC)CCCC,A36,C1(CC)CCCCN1CCCN,Is0,NCC(=O)OC,K22,OCC(CCCC)CCCCCC,Ac48,C(=O)C(CCCC)CCCC,ARCH_HEAD_LINKER_TAILA_TAILB,4CR
LNPhub_2V00000292,CCCCCCCCC/C=C\CCCCCCCCOC(=O)CCCC(CCCC(=O)OCCCCCCCC/C=C\CCCCCCCCC)(C(=O)NCC(=O)OC(C)(C)C)N(CCCN1CCN(C)CC1)C(=O)CCCCCCCCCCCCCCCC,A3,C1CN(C)CCN1CCCN,Is2,NCC(=O)OC(C)(C)C,K1,OCCCCCCCC/C=C\CCCCCCCCC,Ac15,C(=O)CCCCCCCCCCCCCCCC,ARCH_HEAD_LINKER_TAILA_TAILB,4CR
LNPhub_2V00000293,CCCCC/C=C\C/C=C\CCCCCCCCOC(=O)CNC(=O)C(CCCC(=O)OCC1=CCC2CC1C2(C)C)(CCCC(=O)OCC1=CCC2CC1C2(C)C)N(CCCN1CCCC1)C(=O)C1CC(C)C2CCCC12,A6,C1CCCN1CCCN,Is9,NCC(=O)OCCCCCCCC/C=C\C/C=C\CCCCC,K10,OCC7=CCC8CC7(C8(C)C),Ac35,C(=O)C8CC(C)C9CCCC89,ARCH_HEAD_LINKER_TAILA_TAILB,4CR
LNPhub_2V00000294,CCCCCC/C=C\CCC(=O)N(CCCn1cccn1)C(CCCC(=O)OC1[C@H]2C[C@@H]3C[C@@H](C[C@H]1C3)C2)(CCCC(=O)OC1[C@H]2C[C@@H]3C[C@@H](C[C@H]1C3)C2)C(=O)NC1CCCCC1,A1,n1cccn1CCCN,Is4,NC1CCCCC1,K48,OC1[C@H]2C[C@@H]3C[C@H](C2)C[C@H]1C3,Ac32,C(=O)CC/C=C\CCCCCC,ARCH_HEAD_LINKER_TAILA_TAILB,4CR
LNPhub_2V00000295,CCCCC/C=C\C/C=C\CCCCCCCCOC(=O)CNC(=O)C(CCCC(=O)OCCCCCCCC/C=C\CCCCCCCCC)(CCCC(=O)OCCCCCCCC/C=C\CCCCCCCCC)N(C(=O)CCCCCCCCCCCCCCCCC)C(C)(C)CN(C)C,A23,CN(C)CC(C)(C)N,Is9,NCC(=O)OCCCCCCCC/C=C\C/C=C\CCCCC,K1,OCCCCCCCC/C=C\CCCCCCCCC,Ac16,C(=O)CCCCCCCCCCCCCCCCC,ARCH_HEAD_LINKER_TAILA_TAILB,4CR
LNPhub_2V00000296,CCCCCCCCCOC(=O)CCCC(CCCC(=O)OCCCCCCCCC)(C(=O)NCCCn1cccn1)N(CCN1CCCCCC1)C(=O)C1CCCCCC1,A27,C1CCCCCN1CCN,Is8,NCCCn1nccc1,K38,OCCCCCCCCC,Ac40,C(=O)C8CCCCCC8,ARCH_HEAD_LINKER_TAILA_TAILB,4CR
LNPhub_2V00000297,CCCCCCCCCCCCCCCCCCC(=O)N(CCCn1cccn1)C(CCCC(=O)OC1(CC)C(C)(C)[C@@H]2CC[C@@]1(C)C2)(CCCC(=O)OC1(CC)C(C)(C)[C@@H]2CC[C@@]1(C)C2)C(=O)NC1[C@H]2C[C@@H]3C[C@@H](C[C@H]1C3)C2,A1,n1cccn1CCCN,Is10,NC1[C@H]2C[C@@H]3C[C@H](C2)C[C@H]1C3,K5,OC8(CC)[C@@]9(C)CC[C@H](C9)C8(C)(C),Ac17,C(=O)CCCCCCCCCCCCCCCCCC,ARCH_HEAD_LINKER_TAILA_TAILB,4CR
LNPhub_2V00000298,CCCCC/C=C\C/C=C\CCCCCCCCOC(=O)CNC(=O)C(CCCC(=O)OCCC12C[C@H]3C[C@@H](C1)C[C@@H](C2)C3)(CCCC(=O)OCCC12C[C@H]3C[C@@H](C1)C[C@@H](C2)C3)N(CCCN(CCCC)CCCC)C(=O)CCCCCC(C)(C)C,A34,N(CCCC)(CCCC)CCCN,Is9,NCC(=O)OCCCCCCCC/C=C\C/C=C\CCCCC,K49,OCCC12C[C@H]3C[C@H](C[C@H](C3)C1)C2,Ac50,C(=O)CCCCCC(C)(C)C,ARCH_HEAD_LINKER_TAILA_TAILB,4CR
LNPhub_2V00000299,CCCCCCC#CCCOC(=O)CCCC(CCCC(=O)OCCC#CCCCCCC)(C(=O)NCC(=O)OC)N(C(=O)CCCCCCCCCCCCCCCCCC)C(C)(C)CN(C)C,A23,CN(C)CC(C)(C)N,Is0,NCC(=O)OC,K2,OCCC#CCCCCCC,Ac17,C(=O)CCCCCCCCCCCCCCCCCC,ARCH_HEAD_LINKER_TAILA_TAILB,4CR
LNPhub_2V00000300,CCCC(CCC)C(=O)N(CCCN1CCCN(C)CC1)C(CCCC(=O)O[C@](C)(CCC=C(C)C)[C@H]1CC=C(C)CC1)(CCCC(=O)O[C@](C)(CCC=C(C)C)[C@H]1CC=C(C)CC1)C(=O)NC(C)(C)C,A14,C1CN(C)CCCN1CCCN,Is3,NC(C)(C)C,K14,O[C@@](C)(CCC=C(C)C)[C@H]7C/C=C(C)\CC7,Ac49,C(=O)C(CCC)CCC,ARCH_HEAD_LINKER_TAILA_TAILB,4CR
