LIPID_ID,IL_SMILES,IL_head_id,IL_head_SMILES,Tail1_id,Tail1_SMILES,Tail2_id,Tail2_SMILES,Tail3_id,Tail3_SMILES,Tail4_id,Tail4_SMILES,Active_Site_Class,N_Tails,ARCHITECTURE,REACTION_TYP
LNPhub_3V00000001,CCCCCCCCCCCCCCCCCCCCCCOC(=O)CCN(CCC(=O)OCCCCCCCCCCCCCCCCCCCCCC)c1ccccc1OCCN(CCC(=O)OCCCCCCCCCCCCCCCCCCCCC)CCC(=O)OCCCCCCCCCCCCCCCCCCCCC,M1707,NCCOc1ccccc1N,O21,C=CC(=O)OCCCCCCCCCCCCCCCCCCCCC,O21,C=CC(=O)OCCCCCCCCCCCCCCCCCCCCC,O22,C=CC(=O)OCCCCCCCCCCCCCCCCCCCCCC,O22,C=CC(=O)OCCCCCCCCCCCCCCCCCCCCCC,PRIMARY_PRIMARY,4.0,ARCH_HEAD_4_TAILS,AZA_MICHAEL_ADDITION
LNPhub_3V00000002,CCCCCCCCCCCCCCCCCOC(=O)CCN(CCC(=O)OCCCCCCCCCCCCCCCCC)c1ccc(N(CCC(=O)OCCCCCCCCCCCCC)CCC(=O)OCCCCCCCCCCCCC)c(Cl)c1C,M959,Cc1c(N)ccc(N)c1Cl,O17,C=CC(=O)OCCCCCCCCCCCCCCCCC,O17,C=CC(=O)OCCCCCCCCCCCCCCCCC,O13,C=CC(=O)OCCCCCCCCCCCCC,O13,C=CC(=O)OCCCCCCCCCCCCC,PRIMARY_PRIMARY,4.0,ARCH_HEAD_4_TAILS,AZA_MICHAEL_ADDITION
LNPhub_3V00000003,CCCCCCCCCCCCCCCCCOC(=O)CCN(CCC(=O)OCCCCCCCCCCCCCCCCC)c1cccc(N(CCC(=O)OCCCCCCCC)c2nc(C)cs2)c1,M1740,Cc1csc(Nc2cccc(N)c2)n1,O8,C=CC(=O)OCCCCCCCC,O17,C=CC(=O)OCCCCCCCCCCCCCCCCC,O17,C=CC(=O)OCCCCCCCCCCCCCCCCC,,,PRIMARY_SECONDARY,3.0,ARCH_HEAD_3_TAILS,AZA_MICHAEL_ADDITION
LNPhub_3V00000004,CCCCCCCCCCCCCCCCOC(=O)CCN(/N=C(\CCCN(CCC(=O)OCCCCCCCCCCC)CCC(=O)OCCCCCCCCCCC)C(F)(F)F)c1ccccc1,M2195,NCCC/C(=N\Nc1ccccc1)C(F)(F)F,O11,C=CC(=O)OCCCCCCCCCCC,O11,C=CC(=O)OCCCCCCCCCCC,O16,C=CC(=O)OCCCCCCCCCCCCCCCC,,,PRIMARY_SECONDARY,3.0,ARCH_HEAD_3_TAILS,AZA_MICHAEL_ADDITION
LNPhub_3V00000005,CCCCCCCCCCCCCCCCCCCOC(=O)CCN(CC(F)(F)F)c1cc(F)cc(N(CCC(=O)OCCCCCCCCCCCCCCCCCC)CCC(=O)OCCCCCCCCCCCCCCCCCC)c1,M519,Nc1cc(F)cc(NCC(F)(F)F)c1,O18,C=CC(=O)OCCCCCCCCCCCCCCCCCC,O18,C=CC(=O)OCCCCCCCCCCCCCCCCCC,O19,C=CC(=O)OCCCCCCCCCCCCCCCCCCC,,,PRIMARY_SECONDARY,3.0,ARCH_HEAD_3_TAILS,AZA_MICHAEL_ADDITION
LNPhub_3V00000006,CCCCCCCCCCCCCCCCCCCOC(=O)CCN(CCC(=O)OCCCCCCCCCCCCCCCCCCC)Cc1ccc(N(CCO)CCC(=O)OCCCCCCCCCCCCCCCCC)cc1,M1507,NCc1ccc(NCCO)cc1,O19,C=CC(=O)OCCCCCCCCCCCCCCCCCCC,O19,C=CC(=O)OCCCCCCCCCCCCCCCCCCC,O17,C=CC(=O)OCCCCCCCCCCCCCCCCC,,,PRIMARY_SECONDARY,3.0,ARCH_HEAD_3_TAILS,AZA_MICHAEL_ADDITION
LNPhub_3V00000007,CCCCCCCCCCCCOC(=O)CCN(CCC(=O)OCCCCCCCCCCCC)c1ccc(N(CCC(=O)OCCCCCCCCCCCC)C2CCC(=O)NC2=O)cc1,M1922,Nc1ccc(NC2CCC(=O)NC2=O)cc1,O12,C=CC(=O)OCCCCCCCCCCCC,O12,C=CC(=O)OCCCCCCCCCCCC,O12,C=CC(=O)OCCCCCCCCCCCC,,,PRIMARY_SECONDARY,3.0,ARCH_HEAD_3_TAILS,AZA_MICHAEL_ADDITION
LNPhub_3V00000008,CCCCCCCCOC(=O)CCN(CCC(=O)OCCCCCCCC)Cc1cnn2c1N(CCC(=O)OCCCCCCCC)CCC2,M2071,NCc1cnn2c1NCCC2,O8,C=CC(=O)OCCCCCCCC,O8,C=CC(=O)OCCCCCCCC,O8,C=CC(=O)OCCCCCCCC,,,PRIMARY_SECONDARY,3.0,ARCH_HEAD_3_TAILS,AZA_MICHAEL_ADDITION
LNPhub_3V00000009,CCCCCCCCCCCCCCCCCCOC(=O)CCN(c1cccc(C(F)(F)F)c1)c1ccc([N+](=O)[O-])cc1N(CCC(=O)OCCCCCCCCCCCCCCCC)CCC(=O)OCCCCCCCCCCCCCCCC,M2209,Nc1cc([N+](=O)[O-])ccc1Nc1cccc(C(F)(F)F)c1,O16,C=CC(=O)OCCCCCCCCCCCCCCCC,O16,C=CC(=O)OCCCCCCCCCCCCCCCC,O18,C=CC(=O)OCCCCCCCCCCCCCCCCCC,,,PRIMARY_SECONDARY,3.0,ARCH_HEAD_3_TAILS,AZA_MICHAEL_ADDITION
LNPhub_3V00000010,CCCCCCCCCCCCCCCOC(=O)CCN(CCC(=O)OCCCCCCCCCCCCCCC)c1c(Cl)cc(F)cc1N(CCC(=O)OCCCCCCCCCC)CCC(=O)OCCCCCCCCCC,M785,Nc1cc(F)cc(Cl)c1N,O10,C=CC(=O)OCCCCCCCCCC,O10,C=CC(=O)OCCCCCCCCCC,O15,C=CC(=O)OCCCCCCCCCCCCCCC,O15,C=CC(=O)OCCCCCCCCCCCCCCC,PRIMARY_PRIMARY,4.0,ARCH_HEAD_4_TAILS,AZA_MICHAEL_ADDITION
LNPhub_3V00000011,CCCCCCCCCCCCCCCCCOC(=O)CCN(CCC(=O)OCCCCCCCCCCCCCCCCC)c1nc(-c2cc(Cl)c(N(CCC(=O)OCCCCCCC)CCC(=O)OCCCCCCC)c(Cl)c2)cs1,M2105,Nc1nc(-c2cc(Cl)c(N)c(Cl)c2)cs1,O17,C=CC(=O)OCCCCCCCCCCCCCCCCC,O17,C=CC(=O)OCCCCCCCCCCCCCCCCC,O7,C=CC(=O)OCCCCCCC,O7,C=CC(=O)OCCCCCCC,PRIMARY_PRIMARY,4.0,ARCH_HEAD_4_TAILS,AZA_MICHAEL_ADDITION
LNPhub_3V00000012,CCCCCOC(=O)CCN1Cc2nc(N(CCC(=O)OCCCCC)CCC(=O)OCCCCC)sc2C1,M1543,Nc1nc2c(s1)CNC2,O5,C=CC(=O)OCCCCC,O5,C=CC(=O)OCCCCC,O5,C=CC(=O)OCCCCC,,,PRIMARY_SECONDARY,3.0,ARCH_HEAD_3_TAILS,AZA_MICHAEL_ADDITION
LNPhub_3V00000013,CCCCCCCCCCCCCCCCOC(=O)CCN1CCc2sccc2C1CN(CCC(=O)OCCCCCCCCCC)CCC(=O)OCCCCCCCCCC,M1232,NCC1NCCc2sccc21,O10,C=CC(=O)OCCCCCCCCCC,O10,C=CC(=O)OCCCCCCCCCC,O16,C=CC(=O)OCCCCCCCCCCCCCCCC,,,PRIMARY_SECONDARY,3.0,ARCH_HEAD_3_TAILS,AZA_MICHAEL_ADDITION
LNPhub_3V00000014,CCCCCCCCCCCCCCCCOC(=O)CCN(CCN1CCOCC1)c1c(N(CCC(=O)OCCCCCCCCCCCCC)CCC(=O)OCCCCCCCCCCCCC)n(CCC)c(=O)[nH]c1=O,M312,CCCn1c(N)c(NCCN2CCOCC2)c(=O)[nH]c1=O,O13,C=CC(=O)OCCCCCCCCCCCCC,O13,C=CC(=O)OCCCCCCCCCCCCC,O16,C=CC(=O)OCCCCCCCCCCCCCCCC,,,PRIMARY_SECONDARY,3.0,ARCH_HEAD_3_TAILS,AZA_MICHAEL_ADDITION
LNPhub_3V00000015,CCCCCCCCCCCCCCCCCCCCCOC(=O)CCN(CCO)CCc1ccc(N(CCC(=O)OCCCCCCCCCCCCCCCCC)CCC(=O)OCCCCCCCCCCCCCCCCC)cc1,M466,Nc1ccc(CCNCCO)cc1,O17,C=CC(=O)OCCCCCCCCCCCCCCCCC,O17,C=CC(=O)OCCCCCCCCCCCCCCCCC,O21,C=CC(=O)OCCCCCCCCCCCCCCCCCCCCC,,,PRIMARY_SECONDARY,3.0,ARCH_HEAD_3_TAILS,AZA_MICHAEL_ADDITION
LNPhub_3V00000016,CCCCCCCCCCCCCCCCCOC(=O)CCN(CCC(=O)OCCCCCCCCCCCCCCCCC)c1ncc(CCN(CCC(=O)OCCCCCCCCCCCC)CCC(=O)OCCCCCCCCCCCC)s1,M409,NCCc1cnc(N)s1,O12,C=CC(=O)OCCCCCCCCCCCC,O12,C=CC(=O)OCCCCCCCCCCCC,O17,C=CC(=O)OCCCCCCCCCCCCCCCCC,O17,C=CC(=O)OCCCCCCCCCCCCCCCCC,PRIMARY_PRIMARY,4.0,ARCH_HEAD_4_TAILS,AZA_MICHAEL_ADDITION
LNPhub_3V00000017,CCCCCCCCCCCCOC(=O)CCN(CCC(=O)OCCCCCCCCCCCC)c1cc(CN(CCC(=O)OCCCCCC)CCC(=O)OCCCCCC)ccc1Cl,M1683,NCc1ccc(Cl)c(N)c1,O6,C=CC(=O)OCCCCCC,O6,C=CC(=O)OCCCCCC,O12,C=CC(=O)OCCCCCCCCCCCC,O12,C=CC(=O)OCCCCCCCCCCCC,PRIMARY_PRIMARY,4.0,ARCH_HEAD_4_TAILS,AZA_MICHAEL_ADDITION
LNPhub_3V00000018,CCCCCCCCCCCCCCCCCCCCCCOC(=O)CCN(CCC(=O)OCCCCCCCCCCCCCCCCCCCCCC)c1ccc(Br)c(Cl)c1N(CCC(=O)OCCCCCCCCC)CCC(=O)OCCCCCCCCC,M1802,Nc1ccc(Br)c(Cl)c1N,O22,C=CC(=O)OCCCCCCCCCCCCCCCCCCCCCC,O22,C=CC(=O)OCCCCCCCCCCCCCCCCCCCCCC,O9,C=CC(=O)OCCCCCCCCC,O9,C=CC(=O)OCCCCCCCCC,PRIMARY_PRIMARY,4.0,ARCH_HEAD_4_TAILS,AZA_MICHAEL_ADDITION
LNPhub_3V00000019,CCCCCCCCCCCCCCOC(=O)CCN(CCC(=O)OCCCCCCCCCCCCCC)c1nc(C(=O)NN(CCC(=O)OCCCCCCC)CCC(=O)OCCCCCCC)cs1,M1819,NNC(=O)c1csc(N)n1,O7,C=CC(=O)OCCCCCCC,O7,C=CC(=O)OCCCCCCC,O14,C=CC(=O)OCCCCCCCCCCCCCC,O14,C=CC(=O)OCCCCCCCCCCCCCC,PRIMARY_PRIMARY,4.0,ARCH_HEAD_4_TAILS,AZA_MICHAEL_ADDITION
LNPhub_3V00000020,CCCCCCCCCCCCCOC(=O)CCN(CCC(=O)OCCCCCCCCCCCCC)c1ccc(CN(CCC(=O)OCCCCCCCCCCC)c2ccccc2)cc1,M1448,Nc1ccc(CNc2ccccc2)cc1,O13,C=CC(=O)OCCCCCCCCCCCCC,O13,C=CC(=O)OCCCCCCCCCCCCC,O11,C=CC(=O)OCCCCCCCCCCC,,,PRIMARY_SECONDARY,3.0,ARCH_HEAD_3_TAILS,AZA_MICHAEL_ADDITION
LNPhub_3V00000021,CCCCCCCCCCCCCCCCCOC(=O)CCN(CCC(=O)OCCCCCCCCCCCCCCCCC)c1cccc(F)c1N(C)CCC(=O)OCCCCCC,M883,CNc1c(N)cccc1F,O6,C=CC(=O)OCCCCCC,O17,C=CC(=O)OCCCCCCCCCCCCCCCCC,O17,C=CC(=O)OCCCCCCCCCCCCCCCCC,,,PRIMARY_SECONDARY,3.0,ARCH_HEAD_3_TAILS,AZA_MICHAEL_ADDITION
LNPhub_3V00000022,CCCCCCCCCCCCCCCCCOC(=O)CCN(c1nnc(N(CCC(=O)OCCCCCCCCCCCCCC)CCC(=O)OCCCCCCCCCCCCCC)[nH]1)C1CCOc2ccccc21,M2208,Nc1nnc(NC2CCOc3ccccc32)[nH]1,O14,C=CC(=O)OCCCCCCCCCCCCCC,O14,C=CC(=O)OCCCCCCCCCCCCCC,O17,C=CC(=O)OCCCCCCCCCCCCCCCCC,,,PRIMARY_SECONDARY,3.0,ARCH_HEAD_3_TAILS,AZA_MICHAEL_ADDITION
LNPhub_3V00000023,CCCCCCCCCCCCCOC(=O)CCN(CCC(=O)OCCCCCCCCCCCCC)c1nc(-c2ccnc(N(CCC(=O)OCCCCCCCCCCCC)CCC(=O)OCCCCCCCCCCCC)c2)nn1C,M435,Cn1nc(-c2ccnc(N)c2)nc1N,O12,C=CC(=O)OCCCCCCCCCCCC,O12,C=CC(=O)OCCCCCCCCCCCC,O13,C=CC(=O)OCCCCCCCCCCCCC,O13,C=CC(=O)OCCCCCCCCCCCCC,PRIMARY_PRIMARY,4.0,ARCH_HEAD_4_TAILS,AZA_MICHAEL_ADDITION
LNPhub_3V00000024,CCCCCCCCCCCCCCCCCCCCOC(=O)CCN(C)CCCCN(C)CCCCN(CCC(=O)OCCCCCCCCCCCCC)CCC(=O)OCCCCCCCCCCCCC,M1292,CNCCCCN(C)CCCCN,O20,C=CC(=O)OCCCCCCCCCCCCCCCCCCCC,O13,C=CC(=O)OCCCCCCCCCCCCC,O13,C=CC(=O)OCCCCCCCCCCCCC,,,PRIMARY_SECONDARY,3.0,ARCH_HEAD_3_TAILS,AZA_MICHAEL_ADDITION
LNPhub_3V00000025,CCCCCCCCCCCCCCCCCCCCCOC(=O)CCN(CCC(=O)OCCCCCCCCCCCCCCCCCCCCC)CC(c1ccccc1)N(C)CCC(=O)OCCCCCCCCCCCCCCCCC,M1963,CNC(CN)c1ccccc1,O17,C=CC(=O)OCCCCCCCCCCCCCCCCC,O21,C=CC(=O)OCCCCCCCCCCCCCCCCCCCCC,O21,C=CC(=O)OCCCCCCCCCCCCCCCCCCCCC,,,PRIMARY_SECONDARY,3.0,ARCH_HEAD_3_TAILS,AZA_MICHAEL_ADDITION
LNPhub_3V00000026,CCCCCCCCCCCCCCCCCOC(=O)CCN(CC(C)(C)N(CCC(=O)OCCCCCC)CCC(=O)OCCCCCC)c1ncnc2ccc(F)cc12,M1577,CC(C)(N)CNc1ncnc2ccc(F)cc12,O6,C=CC(=O)OCCCCCC,O6,C=CC(=O)OCCCCCC,O17,C=CC(=O)OCCCCCCCCCCCCCCCCC,,,PRIMARY_SECONDARY,3.0,ARCH_HEAD_3_TAILS,AZA_MICHAEL_ADDITION
LNPhub_3V00000027,CCCCCCCCCCCCCCCCCCCOC(=O)CCN(CCC(=O)OCCCCCCCCCCCCCCCCCCC)c1cc2c(cc1N(CCC(=O)OCCCCCCCCCCCCCCCCC)CCC(=O)OCCCCCCCCCCCCCCCCC)NC(=O)C2,M749,Nc1cc2c(cc1N)NC(=O)C2,O19,C=CC(=O)OCCCCCCCCCCCCCCCCCCC,O19,C=CC(=O)OCCCCCCCCCCCCCCCCCCC,O17,C=CC(=O)OCCCCCCCCCCCCCCCCC,O17,C=CC(=O)OCCCCCCCCCCCCCCCCC,PRIMARY_PRIMARY,4.0,ARCH_HEAD_4_TAILS,AZA_MICHAEL_ADDITION
LNPhub_3V00000028,CCCCCCCCCCCCCCCOC(=O)CCN(CCC(=O)OCCCCCCCCCCCCCCC)c1c(Br)cccc1N(CC)CCC(=O)OCCCCCCCCCC,M1780,CCNc1cccc(Br)c1N,O10,C=CC(=O)OCCCCCCCCCC,O15,C=CC(=O)OCCCCCCCCCCCCCCC,O15,C=CC(=O)OCCCCCCCCCCCCCCC,,,PRIMARY_SECONDARY,3.0,ARCH_HEAD_3_TAILS,AZA_MICHAEL_ADDITION
LNPhub_3V00000029,CCCCCCCCCCCCCCCCCCOC(=O)CCN(CCC(=O)OCCCCCCCCCCCCCCCCCC)CCN1CCC(c2ccc(N(CCC(=O)OCCCCCCCCCCC)c3nc(N4CCCCC4)cnc3C(N)=O)cc2)CC1,M2023,NCCN1CCC(c2ccc(Nc3nc(N4CCCCC4)cnc3C(N)=O)cc2)CC1,O18,C=CC(=O)OCCCCCCCCCCCCCCCCCC,O18,C=CC(=O)OCCCCCCCCCCCCCCCCCC,O11,C=CC(=O)OCCCCCCCCCCC,,,PRIMARY_SECONDARY,3.0,ARCH_HEAD_3_TAILS,AZA_MICHAEL_ADDITION
LNPhub_3V00000030,CCCCCCCCCCOC(=O)CCN(CC)CC1(CN(CCC(=O)OCCCCCCCCC)CCC(=O)OCCCCCCCCC)CCN(Cc2ccccc2)CC1,M1908,CCNCC1(CN)CCN(Cc2ccccc2)CC1,O10,C=CC(=O)OCCCCCCCCCC,O9,C=CC(=O)OCCCCCCCCC,O9,C=CC(=O)OCCCCCCCCC,,,PRIMARY_SECONDARY,3.0,ARCH_HEAD_3_TAILS,AZA_MICHAEL_ADDITION
LNPhub_3V00000031,CCCCCCCCCCCCCCCCCCCCCCOC(=O)CCN(CCCC)c1ccc(S(=O)(=O)N2CCCC2)cc1N(CCC(=O)OCCCCCCCCCCCCCCCCCCCCC)CCC(=O)OCCCCCCCCCCCCCCCCCCCCC,M1880,CCCCNc1ccc(S(=O)(=O)N2CCCC2)cc1N,O22,C=CC(=O)OCCCCCCCCCCCCCCCCCCCCCC,O21,C=CC(=O)OCCCCCCCCCCCCCCCCCCCCC,O21,C=CC(=O)OCCCCCCCCCCCCCCCCCCCCC,,,PRIMARY_SECONDARY,3.0,ARCH_HEAD_3_TAILS,AZA_MICHAEL_ADDITION
LNPhub_3V00000032,CCCCCCCCCCCCCCCCCCCCOC(=O)CCN(CCC(=O)OCCCCCCCCCCCCCCCCCCCC)c1cc(F)cc(N(CCC(=O)OCCCCCCCCCCCCCCCCCC)CC(F)(F)F)c1,M519,Nc1cc(F)cc(NCC(F)(F)F)c1,O20,C=CC(=O)OCCCCCCCCCCCCCCCCCCCC,O20,C=CC(=O)OCCCCCCCCCCCCCCCCCCCC,O18,C=CC(=O)OCCCCCCCCCCCCCCCCCC,,,PRIMARY_SECONDARY,3.0,ARCH_HEAD_3_TAILS,AZA_MICHAEL_ADDITION
LNPhub_3V00000033,CCCCCCCCCCCCCCCCCCCCCOC(=O)CCN(CCC(=O)OCCCCCCCCCCCCCCCCCCCCC)c1ccccc1CN(CCC(=O)OCCCCCCCCCCCCCCCCCCCCC)[C@H]1CC[C@H](O)CC1,M1169,Nc1ccccc1CN[C@H]1CC[C@H](O)CC1,O21,C=CC(=O)OCCCCCCCCCCCCCCCCCCCCC,O21,C=CC(=O)OCCCCCCCCCCCCCCCCCCCCC,O21,C=CC(=O)OCCCCCCCCCCCCCCCCCCCCC,,,PRIMARY_SECONDARY,3.0,ARCH_HEAD_3_TAILS,AZA_MICHAEL_ADDITION
LNPhub_3V00000034,CCCCCCCCCCCCCCCCOC(=O)CCN(CCN(CCC(=O)OCCCCCCCCCC)CCC(=O)OCCCCCCCCCC)c1ncccc1C(F)(F)F,M1689,NCCNc1ncccc1C(F)(F)F,O10,C=CC(=O)OCCCCCCCCCC,O10,C=CC(=O)OCCCCCCCCCC,O16,C=CC(=O)OCCCCCCCCCCCCCCCC,,,PRIMARY_SECONDARY,3.0,ARCH_HEAD_3_TAILS,AZA_MICHAEL_ADDITION
LNPhub_3V00000035,CCCCCCCCCCCCCCOC(=O)CCN(CCC(=O)OCCCCCCCCCCCCCC)c1ccnc(CN(C)C2CCCN(CCC(=O)OCCCCCCC)CC2)n1,M1882,CN(Cc1nccc(N)n1)C1CCCNCC1,O14,C=CC(=O)OCCCCCCCCCCCCCC,O14,C=CC(=O)OCCCCCCCCCCCCCC,O7,C=CC(=O)OCCCCCCC,,,PRIMARY_SECONDARY,3.0,ARCH_HEAD_3_TAILS,AZA_MICHAEL_ADDITION
LNPhub_3V00000036,CCCCCCCCCCCCCCCCCCCCCCOC(=O)CCN(CCCc1nc2cc(N(CCC(=O)OCCCCCCCCCCCCCCCCC)CCC(=O)OCCCCCCCCCCCCCCCCC)ccc2[nH]1)CCC(=O)OCCCCCCCCCCCCCCCCCCCCCC,M1748,NCCCc1nc2cc(N)ccc2[nH]1,O22,C=CC(=O)OCCCCCCCCCCCCCCCCCCCCCC,O22,C=CC(=O)OCCCCCCCCCCCCCCCCCCCCCC,O17,C=CC(=O)OCCCCCCCCCCCCCCCCC,O17,C=CC(=O)OCCCCCCCCCCCCCCCCC,PRIMARY_PRIMARY,4.0,ARCH_HEAD_4_TAILS,AZA_MICHAEL_ADDITION
LNPhub_3V00000037,CCCCCCCCCCCCCCCCCCCCCCOC(=O)CCN(CCC(=O)OCCCCCCCCCCCCCCCCCCCCCC)c1c(N(CCC(=O)OCCCCCCCC)Cc2ccco2)c(=O)[nH]c(=O)n1CCCC,M126,CCCCn1c(N)c(NCc2ccco2)c(=O)[nH]c1=O,O22,C=CC(=O)OCCCCCCCCCCCCCCCCCCCCCC,O22,C=CC(=O)OCCCCCCCCCCCCCCCCCCCCCC,O8,C=CC(=O)OCCCCCCCC,,,PRIMARY_SECONDARY,3.0,ARCH_HEAD_3_TAILS,AZA_MICHAEL_ADDITION
LNPhub_3V00000038,CCCCCCCCCCCCCCCCCCCCCCOC(=O)CCN(CCC(=O)OCCCCCCCCCCCCCCCCCCCCCC)CCN(CCC(=O)OCCCCC)Cc1c(C)cc(C(C)(C)C)cc1C,M1955,Cc1cc(C(C)(C)C)cc(C)c1CNCCN,O5,C=CC(=O)OCCCCC,O22,C=CC(=O)OCCCCCCCCCCCCCCCCCCCCCC,O22,C=CC(=O)OCCCCCCCCCCCCCCCCCCCCCC,,,PRIMARY_SECONDARY,3.0,ARCH_HEAD_3_TAILS,AZA_MICHAEL_ADDITION
LNPhub_3V00000039,CCCCCCCCCCCCCCCCCCCCCCOC(=O)CCN(CCCC)c1c(N(CCC(=O)OCCCCCCCCCCCCCCCCC)CCC(=O)OCCCCCCCCCCCCCCCCC)n(CCC)c(=O)[nH]c1=O,M1644,CCCCNc1c(N)n(CCC)c(=O)[nH]c1=O,O22,C=CC(=O)OCCCCCCCCCCCCCCCCCCCCCC,O17,C=CC(=O)OCCCCCCCCCCCCCCCCC,O17,C=CC(=O)OCCCCCCCCCCCCCCCCC,,,PRIMARY_SECONDARY,3.0,ARCH_HEAD_3_TAILS,AZA_MICHAEL_ADDITION
LNPhub_3V00000040,CCCCCCCCCCCCCCCCOC(=O)CCN(CCC(=O)OCCCCCCCCCCCCCCCC)CCN(CCC(=O)OCCCCCCCCCCCCCC)c1nc2ccccc2s1,M2173,NCCNc1nc2ccccc2s1,O16,C=CC(=O)OCCCCCCCCCCCCCCCC,O16,C=CC(=O)OCCCCCCCCCCCCCCCC,O14,C=CC(=O)OCCCCCCCCCCCCCC,,,PRIMARY_SECONDARY,3.0,ARCH_HEAD_3_TAILS,AZA_MICHAEL_ADDITION
LNPhub_3V00000041,CCCCCCCCCOC(=O)CCN(CCC(=O)OCCCCCCCCC)c1c(N(CCC(=O)OCCCCC)CCC(=O)OCCCCC)ccc(C)c1Cl,M728,Cc1ccc(N)c(N)c1Cl,O5,C=CC(=O)OCCCCC,O5,C=CC(=O)OCCCCC,O9,C=CC(=O)OCCCCCCCCC,O9,C=CC(=O)OCCCCCCCCC,PRIMARY_PRIMARY,4.0,ARCH_HEAD_4_TAILS,AZA_MICHAEL_ADDITION
LNPhub_3V00000042,CCCCCCCCCCCCCCCCOC(=O)CCN(C)c1cc(Cl)ccc1N(CCC(=O)OCCCCCCCCCCCC)CCC(=O)OCCCCCCCCCCCC,M1152,CNc1cc(Cl)ccc1N,O16,C=CC(=O)OCCCCCCCCCCCCCCCC,O12,C=CC(=O)OCCCCCCCCCCCC,O12,C=CC(=O)OCCCCCCCCCCCC,,,PRIMARY_SECONDARY,3.0,ARCH_HEAD_3_TAILS,AZA_MICHAEL_ADDITION
LNPhub_3V00000043,CCCCCCCCCCCCCCCCCCOC(=O)CCN(CCC(=O)OCCCCCCCCCCCCCCCCCC)c1ccc(O)c(N(CCC(=O)OCCCCCCCCC)CCC(=O)OCCCCCCCCC)c1,M367,Nc1ccc(O)c(N)c1,O18,C=CC(=O)OCCCCCCCCCCCCCCCCCC,O18,C=CC(=O)OCCCCCCCCCCCCCCCCCC,O9,C=CC(=O)OCCCCCCCCC,O9,C=CC(=O)OCCCCCCCCC,PRIMARY_PRIMARY,4.0,ARCH_HEAD_4_TAILS,AZA_MICHAEL_ADDITION
LNPhub_3V00000044,CCCCCCCCCCCCCCCCCCCCOC(=O)CCN(CCC(=O)OCCCCCCCCCCCCCCCCCCCC)c1c[nH]nc1C1CCCN(CCC(=O)OCCCCCCCCCCCCCCCCCC)C1,M1220,Nc1c[nH]nc1C1CCCNC1,O20,C=CC(=O)OCCCCCCCCCCCCCCCCCCCC,O20,C=CC(=O)OCCCCCCCCCCCCCCCCCCCC,O18,C=CC(=O)OCCCCCCCCCCCCCCCCCC,,,PRIMARY_SECONDARY,3.0,ARCH_HEAD_3_TAILS,AZA_MICHAEL_ADDITION
LNPhub_3V00000045,CCCCCCCCCCCCCCCCCCCCOC(=O)CCN(CCC(=O)OCCCCCCCCCCCCCCCCCCCC)c1ccc2c(c1)C(N(CCC(=O)OCCCCCCCCCCCCCCCCCCCC)CCC(=O)OCCCCCCCCCCCCCCCCCCCC)CCO2,M2080,Nc1ccc2c(c1)C(N)CCO2,O20,C=CC(=O)OCCCCCCCCCCCCCCCCCCCC,O20,C=CC(=O)OCCCCCCCCCCCCCCCCCCCC,O20,C=CC(=O)OCCCCCCCCCCCCCCCCCCCC,O20,C=CC(=O)OCCCCCCCCCCCCCCCCCCCC,PRIMARY_PRIMARY,4.0,ARCH_HEAD_4_TAILS,AZA_MICHAEL_ADDITION
LNPhub_3V00000046,CCCCCCCCCCCCCCOC(=O)CCN(CC(=O)NN(CCC(=O)OCCCCCCCCCCC)CCC(=O)OCCCCCCCCCCC)c1cccc(OC)c1,M162,COc1cccc(NCC(=O)NN)c1,O14,C=CC(=O)OCCCCCCCCCCCCCC,O11,C=CC(=O)OCCCCCCCCCCC,O11,C=CC(=O)OCCCCCCCCCCC,,,PRIMARY_SECONDARY,3.0,ARCH_HEAD_3_TAILS,AZA_MICHAEL_ADDITION
LNPhub_3V00000047,CCCCCCCCCCCOC(=O)CCN(CCC(=O)OCCCCCCCCCCC)c1nccc(C#N)c1N(CCC(=O)OCCCCCCCCC)CCC(=O)OCCCCCCCCC,M598,N#Cc1ccnc(N)c1N,O11,C=CC(=O)OCCCCCCCCCCC,O11,C=CC(=O)OCCCCCCCCCCC,O9,C=CC(=O)OCCCCCCCCC,O9,C=CC(=O)OCCCCCCCCC,PRIMARY_PRIMARY,4.0,ARCH_HEAD_4_TAILS,AZA_MICHAEL_ADDITION
LNPhub_3V00000048,CCCCCCCCCCCCCCCCCCCCCOC(=O)CCN(C)c1cc(Br)cc(C)c1N(CCC(=O)OCCCCCCCCCCC)CCC(=O)OCCCCCCCCCCC,M1047,CNc1cc(Br)cc(C)c1N,O21,C=CC(=O)OCCCCCCCCCCCCCCCCCCCCC,O11,C=CC(=O)OCCCCCCCCCCC,O11,C=CC(=O)OCCCCCCCCCCC,,,PRIMARY_SECONDARY,3.0,ARCH_HEAD_3_TAILS,AZA_MICHAEL_ADDITION
LNPhub_3V00000049,CCCCCCCCCCCCCCCCCOC(=O)CCN(CCC(=O)OCCCCCCCCCCCCCCCCC)c1cccc(OCC)c1N(CCC(=O)OCCCCCCCCCCC)CCC(=O)OCCCCCCCCCCC,M1837,CCOc1cccc(N)c1N,O17,C=CC(=O)OCCCCCCCCCCCCCCCCC,O17,C=CC(=O)OCCCCCCCCCCCCCCCCC,O11,C=CC(=O)OCCCCCCCCCCC,O11,C=CC(=O)OCCCCCCCCCCC,PRIMARY_PRIMARY,4.0,ARCH_HEAD_4_TAILS,AZA_MICHAEL_ADDITION
LNPhub_3V00000050,CCCCCCCCCCCCCCCCCCOC(=O)CCN(CCC(=O)OCCCCCCCCCCCCCCCCCC)c1cnc2n1CCN(CCC(=O)OCCCCC)C2,M1616,Nc1cnc2n1CCNC2,O18,C=CC(=O)OCCCCCCCCCCCCCCCCCC,O18,C=CC(=O)OCCCCCCCCCCCCCCCCCC,O5,C=CC(=O)OCCCCC,,,PRIMARY_SECONDARY,3.0,ARCH_HEAD_3_TAILS,AZA_MICHAEL_ADDITION
LNPhub_3V00000051,CCCCCCCCCCCCCCCCCCCCCCOC(=O)CCN(CCC(=O)OCCCCCCCCCCCCCCCCCCCCCC)c1nnc(C2CCCN(CCC(=O)OCCCCCCCCCCCC)C2)o1,M618,Nc1nnc(C2CCCNC2)o1,O22,C=CC(=O)OCCCCCCCCCCCCCCCCCCCCCC,O22,C=CC(=O)OCCCCCCCCCCCCCCCCCCCCCC,O12,C=CC(=O)OCCCCCCCCCCCC,,,PRIMARY_SECONDARY,3.0,ARCH_HEAD_3_TAILS,AZA_MICHAEL_ADDITION
LNPhub_3V00000052,CCCCCCCCCCCOC(=O)CCN(CCC(=O)OCCCCCCCCCCC)c1cc(F)ccc1N(CCC(=O)OCCCCC)C(C)C,M2289,CC(C)Nc1ccc(F)cc1N,O5,C=CC(=O)OCCCCC,O11,C=CC(=O)OCCCCCCCCCCC,O11,C=CC(=O)OCCCCCCCCCCC,,,PRIMARY_SECONDARY,3.0,ARCH_HEAD_3_TAILS,AZA_MICHAEL_ADDITION
LNPhub_3V00000053,CCCCCCCCCCCCCCCCCCCCCCOC(=O)CCN(CCC(=O)OCCCCCCCCCCCCCCCCCCCCCC)c1cc(C(N)=O)ccc1N(CCC(=O)OCCCCCCCCCCC)C1CCN(C)CC1,M975,CN1CCC(Nc2ccc(C(N)=O)cc2N)CC1,O11,C=CC(=O)OCCCCCCCCCCC,O22,C=CC(=O)OCCCCCCCCCCCCCCCCCCCCCC,O22,C=CC(=O)OCCCCCCCCCCCCCCCCCCCCCC,,,PRIMARY_SECONDARY,3.0,ARCH_HEAD_3_TAILS,AZA_MICHAEL_ADDITION
LNPhub_3V00000054,CCCCCCCCCCCCCCCCCCCCCCOC(=O)CCN(c1ccccc1N(CCC(=O)OCCCCCCCCCCCCCCCCCCCC)CCC(=O)OCCCCCCCCCCCCCCCCCCCC)C(C)COC,M448,COCC(C)Nc1ccccc1N,O22,C=CC(=O)OCCCCCCCCCCCCCCCCCCCCCC,O20,C=CC(=O)OCCCCCCCCCCCCCCCCCCCC,O20,C=CC(=O)OCCCCCCCCCCCCCCCCCCCC,,,PRIMARY_SECONDARY,3.0,ARCH_HEAD_3_TAILS,AZA_MICHAEL_ADDITION
LNPhub_3V00000055,CCCCCCCCCCCCCCCCCCCCCOC(=O)CCN(CCC(=O)OCCCCCCCCCCCCCCCCCCCCC)c1ccc(Cl)c(CN(CCC(=O)OCCCCCCCCCCCCCCCCC)CCC(=O)OCCCCCCCCCCCCCCCCC)c1,M1001,NCc1cc(N)ccc1Cl,O17,C=CC(=O)OCCCCCCCCCCCCCCCCC,O17,C=CC(=O)OCCCCCCCCCCCCCCCCC,O21,C=CC(=O)OCCCCCCCCCCCCCCCCCCCCC,O21,C=CC(=O)OCCCCCCCCCCCCCCCCCCCCC,PRIMARY_PRIMARY,4.0,ARCH_HEAD_4_TAILS,AZA_MICHAEL_ADDITION
LNPhub_3V00000056,CCCCCCCCCOC(=O)CCN1CC(n2ccnc2N(CCC(=O)OCCCCCC)CCC(=O)OCCCCCC)C1,M1926,Nc1nccn1C1CNC1,O6,C=CC(=O)OCCCCCC,O6,C=CC(=O)OCCCCCC,O9,C=CC(=O)OCCCCCCCCC,,,PRIMARY_SECONDARY,3.0,ARCH_HEAD_3_TAILS,AZA_MICHAEL_ADDITION
LNPhub_3V00000057,CCCCCCCCCCCCCCCCCOC(=O)CCN(CCC(=O)OCCCCCCCCCCCCCCCCC)c1nnc(CCCN(CCC(=O)OCCCCCCCCCCCCCCCC)CCC(=O)OCCCCCCCCCCCCCCCC)s1,M1229,NCCCc1nnc(N)s1,O16,C=CC(=O)OCCCCCCCCCCCCCCCC,O16,C=CC(=O)OCCCCCCCCCCCCCCCC,O17,C=CC(=O)OCCCCCCCCCCCCCCCCC,O17,C=CC(=O)OCCCCCCCCCCCCCCCCC,PRIMARY_PRIMARY,4.0,ARCH_HEAD_4_TAILS,AZA_MICHAEL_ADDITION
LNPhub_3V00000058,CCCCCCCCCCCCCCCCCCOC(=O)CCN(c1ccccc1N(CCC(=O)OCCCCCCCCCCCCCCCC)CCC(=O)OCCCCCCCCCCCCCCCC)C(C)COC,M448,COCC(C)Nc1ccccc1N,O18,C=CC(=O)OCCCCCCCCCCCCCCCCCC,O16,C=CC(=O)OCCCCCCCCCCCCCCCC,O16,C=CC(=O)OCCCCCCCCCCCCCCCC,,,PRIMARY_SECONDARY,3.0,ARCH_HEAD_3_TAILS,AZA_MICHAEL_ADDITION
LNPhub_3V00000059,CCCCCCCCCCCCCCCCCCOC(=O)CCN(CCN(CCC(=O)OCCCCCCCCCCCCCCCC)CCC(=O)OCCCCCCCCCCCCCCCC)c1ccc(C#N)cn1,M2281,N#Cc1ccc(NCCN)nc1,O18,C=CC(=O)OCCCCCCCCCCCCCCCCCC,O16,C=CC(=O)OCCCCCCCCCCCCCCCC,O16,C=CC(=O)OCCCCCCCCCCCCCCCC,,,PRIMARY_SECONDARY,3.0,ARCH_HEAD_3_TAILS,AZA_MICHAEL_ADDITION
LNPhub_3V00000060,CCCCCCCCCCCCCCCCCCOC(=O)CCN(CCC(=O)OCCCCCCCCCCCCCCCCCC)c1c(Br)cc(C#N)cc1N(CCC(=O)OCCCCC)CCC(=O)OCCCCC,M1903,N#Cc1cc(N)c(N)c(Br)c1,O5,C=CC(=O)OCCCCC,O5,C=CC(=O)OCCCCC,O18,C=CC(=O)OCCCCCCCCCCCCCCCCCC,O18,C=CC(=O)OCCCCCCCCCCCCCCCCCC,PRIMARY_PRIMARY,4.0,ARCH_HEAD_4_TAILS,AZA_MICHAEL_ADDITION
LNPhub_3V00000061,CCCCCCCCCCCCCCCCCCCOC(=O)CCN(CCC(=O)OCCCCCCCCCCCCCCCCCCC)C1(CN(CCC(=O)OCCCCCCCCCCCCCCC)CCC(=O)OCCCCCCCCCCCCCCC)CCCCC1,M171,NCC1(N)CCCCC1,O15,C=CC(=O)OCCCCCCCCCCCCCCC,O15,C=CC(=O)OCCCCCCCCCCCCCCC,O19,C=CC(=O)OCCCCCCCCCCCCCCCCCCC,O19,C=CC(=O)OCCCCCCCCCCCCCCCCCCC,PRIMARY_PRIMARY,4.0,ARCH_HEAD_4_TAILS,AZA_MICHAEL_ADDITION
LNPhub_3V00000062,CCCCCCCCCCCCCCCCCCCCCOC(=O)CCN1CC2(CN(CCC(=O)OCCCCCCCCCCCCCCC)CCC(=O)OCCCCCCCCCCCCCCC)CCC1CC2,M1031,NCC12CCC(CC1)NC2,O15,C=CC(=O)OCCCCCCCCCCCCCCC,O15,C=CC(=O)OCCCCCCCCCCCCCCC,O21,C=CC(=O)OCCCCCCCCCCCCCCCCCCCCC,,,PRIMARY_SECONDARY,3.0,ARCH_HEAD_3_TAILS,AZA_MICHAEL_ADDITION
LNPhub_3V00000063,CCCCCCCCCCCCCCOC(=O)CCN(CCC(=O)OCCCCCCCCCCCCCC)c1nc(N(CCC(=O)OCCCCCC)CCC(=O)OCCCCCC)c2ccc(O)cc2n1,M2091,Nc1nc(N)c2ccc(O)cc2n1,O14,C=CC(=O)OCCCCCCCCCCCCCC,O14,C=CC(=O)OCCCCCCCCCCCCCC,O6,C=CC(=O)OCCCCCC,O6,C=CC(=O)OCCCCCC,PRIMARY_PRIMARY,4.0,ARCH_HEAD_4_TAILS,AZA_MICHAEL_ADDITION
LNPhub_3V00000064,CCCCCCCCCCCCCCCOC(=O)CCN(CCC(=O)OCCCCCCCCCCCCCCC)c1ccccc1N(CCC(=O)OCCCCCCCCCCCCCCC)C(C)C,M297,CC(C)Nc1ccccc1N,O15,C=CC(=O)OCCCCCCCCCCCCCCC,O15,C=CC(=O)OCCCCCCCCCCCCCCC,O15,C=CC(=O)OCCCCCCCCCCCCCCC,,,PRIMARY_SECONDARY,3.0,ARCH_HEAD_3_TAILS,AZA_MICHAEL_ADDITION
LNPhub_3V00000065,CCCCCCCCCCCCCOC(=O)CCN(CCC(=O)OCCCCCCCCCCCCC)c1ccc(S(=O)(=O)N(CC)CC)cc1N(CCC(=O)OCCCCCCCC)CCC(=O)OCCCCCCCC,M2139,CCN(CC)S(=O)(=O)c1ccc(N)c(N)c1,O13,C=CC(=O)OCCCCCCCCCCCCC,O13,C=CC(=O)OCCCCCCCCCCCCC,O8,C=CC(=O)OCCCCCCCC,O8,C=CC(=O)OCCCCCCCC,PRIMARY_PRIMARY,4.0,ARCH_HEAD_4_TAILS,AZA_MICHAEL_ADDITION
LNPhub_3V00000066,CCCCCCCCCCCCCCCCCCOC(=O)CCN(CCC(=O)OCCCCCCCCCCCCCCCCCC)c1c(CN(CCC(=O)OCCCCCCCCCCC)CCC(=O)OCCCCCCCCCCC)ccc2ccccc12,M1993,NCc1ccc2ccccc2c1N,O11,C=CC(=O)OCCCCCCCCCCC,O11,C=CC(=O)OCCCCCCCCCCC,O18,C=CC(=O)OCCCCCCCCCCCCCCCCCC,O18,C=CC(=O)OCCCCCCCCCCCCCCCCCC,PRIMARY_PRIMARY,4.0,ARCH_HEAD_4_TAILS,AZA_MICHAEL_ADDITION
LNPhub_3V00000067,CCCCCCCCCCCCCCCCOC(=O)CCN(CCC(=O)OCCCCCCCCCCCCCCCC)c1ncnc2c1ncn2CC(CC)N(CCC(=O)OCCCCCCCCCC)CCC(=O)OCCCCCCCCCC,M1221,CCC(N)Cn1cnc2c(N)ncnc21,O10,C=CC(=O)OCCCCCCCCCC,O10,C=CC(=O)OCCCCCCCCCC,O16,C=CC(=O)OCCCCCCCCCCCCCCCC,O16,C=CC(=O)OCCCCCCCCCCCCCCCC,PRIMARY_PRIMARY,4.0,ARCH_HEAD_4_TAILS,AZA_MICHAEL_ADDITION
LNPhub_3V00000068,CCCCCCCCCCCCCCCCCCCCOC(=O)CCN(CCC(=O)OCCCCCCCCCCCCCCCCCCCC)c1c(Br)cnc(Br)c1N(CCC(=O)OCCCCCCCCCCCCCCCCCC)CCC(=O)OCCCCCCCCCCCCCCCCCC,M1287,Nc1c(Br)cnc(Br)c1N,O20,C=CC(=O)OCCCCCCCCCCCCCCCCCCCC,O20,C=CC(=O)OCCCCCCCCCCCCCCCCCCCC,O18,C=CC(=O)OCCCCCCCCCCCCCCCCCC,O18,C=CC(=O)OCCCCCCCCCCCCCCCCCC,PRIMARY_PRIMARY,4.0,ARCH_HEAD_4_TAILS,AZA_MICHAEL_ADDITION
LNPhub_3V00000069,CCCCCCCOC(=O)CCN(CCC(=O)OCCCCCCC)CC(C1CCCCC1)N(CCC(=O)OCCCCCCC)CCC(=O)OCCCCCCC,M230,NCC(N)C1CCCCC1,O7,C=CC(=O)OCCCCCCC,O7,C=CC(=O)OCCCCCCC,O7,C=CC(=O)OCCCCCCC,O7,C=CC(=O)OCCCCCCC,PRIMARY_PRIMARY,4.0,ARCH_HEAD_4_TAILS,AZA_MICHAEL_ADDITION
LNPhub_3V00000070,CCCCCCCCCCCCCCCCCCCOC(=O)CCN(CCC(=O)OCCCCCCCCCCCCCCCCCCC)c1ccc(N(CCC(=O)OCCCCCCCCCCCCCCCCC)c2cccc(OC)c2)cc1,M2230,COc1cccc(Nc2ccc(N)cc2)c1,O17,C=CC(=O)OCCCCCCCCCCCCCCCCC,O19,C=CC(=O)OCCCCCCCCCCCCCCCCCCC,O19,C=CC(=O)OCCCCCCCCCCCCCCCCCCC,,,PRIMARY_SECONDARY,3.0,ARCH_HEAD_3_TAILS,AZA_MICHAEL_ADDITION
LNPhub_3V00000071,CCCCCCCCCCCCCOC(=O)CCN(CC(F)(F)F)c1ncccc1N(CCC(=O)OCCCCCCCC)CCC(=O)OCCCCCCCC,M1787,Nc1cccnc1NCC(F)(F)F,O8,C=CC(=O)OCCCCCCCC,O8,C=CC(=O)OCCCCCCCC,O13,C=CC(=O)OCCCCCCCCCCCCC,,,PRIMARY_SECONDARY,3.0,ARCH_HEAD_3_TAILS,AZA_MICHAEL_ADDITION
LNPhub_3V00000072,CCCCCCCCCCCCCCCCOC(=O)CCN(CCC(=O)OCCCCCCCCCCCCCCCC)C[C@@H]1CO[C@@H](CN(CCC(=O)OCCCCCCCCCCCC)CCC(=O)OCCCCCCCCCCCC)CO1,M2232,NC[C@@H]1CO[C@@H](CN)CO1,O16,C=CC(=O)OCCCCCCCCCCCCCCCC,O16,C=CC(=O)OCCCCCCCCCCCCCCCC,O12,C=CC(=O)OCCCCCCCCCCCC,O12,C=CC(=O)OCCCCCCCCCCCC,PRIMARY_PRIMARY,4.0,ARCH_HEAD_4_TAILS,AZA_MICHAEL_ADDITION
LNPhub_3V00000073,CCCCCCCCCCCCCCCCCCCCCOC(=O)CCN(CCC(=O)OCCCCCCCCCCCCCCCCCCCCC)c1ncnc2c1ncn2CCCN(CCC(=O)OCCCCC)CCC(=O)OCCCCC,M596,NCCCn1cnc2c(N)ncnc21,O5,C=CC(=O)OCCCCC,O5,C=CC(=O)OCCCCC,O21,C=CC(=O)OCCCCCCCCCCCCCCCCCCCCC,O21,C=CC(=O)OCCCCCCCCCCCCCCCCCCCCC,PRIMARY_PRIMARY,4.0,ARCH_HEAD_4_TAILS,AZA_MICHAEL_ADDITION
LNPhub_3V00000074,CCCCCCCCCCCOC(=O)CCN(CCC(=O)OCCCCCCCCCCC)c1cc(Br)c(Br)cc1N(CCC(=O)OCCCCCCCCCCC)CCC(=O)OCCCCCCCCCCC,M1657,Nc1cc(Br)c(Br)cc1N,O11,C=CC(=O)OCCCCCCCCCCC,O11,C=CC(=O)OCCCCCCCCCCC,O11,C=CC(=O)OCCCCCCCCCCC,O11,C=CC(=O)OCCCCCCCCCCC,PRIMARY_PRIMARY,4.0,ARCH_HEAD_4_TAILS,AZA_MICHAEL_ADDITION
LNPhub_3V00000075,CCCCCCCCCCCCCCCOC(=O)CCN(c1ccc(F)cc1)c1ccccc1N(CCC(=O)OCCCCCCCCCCCC)CCC(=O)OCCCCCCCCCCCC,M339,Nc1ccccc1Nc1ccc(F)cc1,O12,C=CC(=O)OCCCCCCCCCCCC,O12,C=CC(=O)OCCCCCCCCCCCC,O15,C=CC(=O)OCCCCCCCCCCCCCCC,,,PRIMARY_SECONDARY,3.0,ARCH_HEAD_3_TAILS,AZA_MICHAEL_ADDITION
LNPhub_3V00000076,CCCCCCCCCCCCCCCCCCCCCCOC(=O)CCN(CCOCCOCCOCCOCCN(CCC(=O)OCCCCCCCCCCCCCCCCCCC)CCC(=O)OCCCCCCCCCCCCCCCCCCC)CCC(=O)OCCCCCCCCCCCCCCCCCCCCCC,M1260,NCCOCCOCCOCCOCCN,O19,C=CC(=O)OCCCCCCCCCCCCCCCCCCC,O19,C=CC(=O)OCCCCCCCCCCCCCCCCCCC,O22,C=CC(=O)OCCCCCCCCCCCCCCCCCCCCCC,O22,C=CC(=O)OCCCCCCCCCCCCCCCCCCCCCC,PRIMARY_PRIMARY,4.0,ARCH_HEAD_4_TAILS,AZA_MICHAEL_ADDITION
LNPhub_3V00000077,CCCCCCCCCCCCCOC(=O)CCN(CCC(=O)OCCCCCCCCCCCCC)c1cncnc1N(C)CCC(=O)OCCCCCCC,M733,CNc1ncncc1N,O7,C=CC(=O)OCCCCCCC,O13,C=CC(=O)OCCCCCCCCCCCCC,O13,C=CC(=O)OCCCCCCCCCCCCC,,,PRIMARY_SECONDARY,3.0,ARCH_HEAD_3_TAILS,AZA_MICHAEL_ADDITION
LNPhub_3V00000078,CCCCCCCCCCCCCCOC(=O)CCN(CCC(=O)OCCCCCCCCCCCCCC)c1nc(N(CCC(=O)OCCCCCCCC)CCC(=O)OCCCCCCCC)c2cc(I)ccc2n1,M919,Nc1nc(N)c2cc(I)ccc2n1,O14,C=CC(=O)OCCCCCCCCCCCCCC,O14,C=CC(=O)OCCCCCCCCCCCCCC,O8,C=CC(=O)OCCCCCCCC,O8,C=CC(=O)OCCCCCCCC,PRIMARY_PRIMARY,4.0,ARCH_HEAD_4_TAILS,AZA_MICHAEL_ADDITION
LNPhub_3V00000079,CCCCCCCCOC(=O)CCN(CCC(=O)OCCCCCCCC)c1cccc(C2CN(CCC(=O)OCCCCCCC)C2)n1,M1044,Nc1cccc(C2CNC2)n1,O8,C=CC(=O)OCCCCCCCC,O8,C=CC(=O)OCCCCCCCC,O7,C=CC(=O)OCCCCCCC,,,PRIMARY_SECONDARY,3.0,ARCH_HEAD_3_TAILS,AZA_MICHAEL_ADDITION
LNPhub_3V00000080,CCCCCCCCCCOC(=O)CCN(c1ncccc1N(CCC(=O)OCCCCCCCCC)CCC(=O)OCCCCCCCCC)C1CC1,M776,Nc1cccnc1NC1CC1,O9,C=CC(=O)OCCCCCCCCC,O9,C=CC(=O)OCCCCCCCCC,O10,C=CC(=O)OCCCCCCCCCC,,,PRIMARY_SECONDARY,3.0,ARCH_HEAD_3_TAILS,AZA_MICHAEL_ADDITION
LNPhub_3V00000081,CCCCCCCCCCCCCCCCCCCCCOC(=O)CCN(CCC(=O)OCCCCCCCCCCCCCCCCCCCCC)c1cccc(N(CCC(=O)OCCCCCCCCCCCCCCCCCCC)c2cccc(C)c2)c1C,M697,Cc1cccc(Nc2cccc(N)c2C)c1,O19,C=CC(=O)OCCCCCCCCCCCCCCCCCCC,O21,C=CC(=O)OCCCCCCCCCCCCCCCCCCCCC,O21,C=CC(=O)OCCCCCCCCCCCCCCCCCCCCC,,,PRIMARY_SECONDARY,3.0,ARCH_HEAD_3_TAILS,AZA_MICHAEL_ADDITION
LNPhub_3V00000082,CCCCCCCCCCCCCCCCCCCCCOC(=O)CCN(CCC(=O)OCCCCCCCCCCCCCCCCCCCCC)c1ccc(S(=O)(=O)N2CCOCC2)cc1N(CCC(=O)OCCCCCCCCCCCCCC)CCC(=O)OCCCCCCCCCCCCCC,M111,Nc1ccc(S(=O)(=O)N2CCOCC2)cc1N,O21,C=CC(=O)OCCCCCCCCCCCCCCCCCCCCC,O21,C=CC(=O)OCCCCCCCCCCCCCCCCCCCCC,O14,C=CC(=O)OCCCCCCCCCCCCCC,O14,C=CC(=O)OCCCCCCCCCCCCCC,PRIMARY_PRIMARY,4.0,ARCH_HEAD_4_TAILS,AZA_MICHAEL_ADDITION
LNPhub_3V00000083,CCCCCCCCCCCCCCCCCCCCCOC(=O)CCN(CCC(=O)OCCCCCCCCCCCCCCCCCCCCC)c1ccc2c(c1)CCC2N(CCC(=O)OCCCCCCCCCCCCCCCCC)CCC(=O)OCCCCCCCCCCCCCCCCC,M623,Nc1ccc2c(c1)CCC2N,O21,C=CC(=O)OCCCCCCCCCCCCCCCCCCCCC,O21,C=CC(=O)OCCCCCCCCCCCCCCCCCCCCC,O17,C=CC(=O)OCCCCCCCCCCCCCCCCC,O17,C=CC(=O)OCCCCCCCCCCCCCCCCC,PRIMARY_PRIMARY,4.0,ARCH_HEAD_4_TAILS,AZA_MICHAEL_ADDITION
LNPhub_3V00000084,CCCCCCCCCCCCCCCCCCCOC(=O)CCN(CCC(=O)OCCCCCCCCCCCCCCCCCCC)c1cc(C)c(N(CCC(=O)OCCCCCCCCCCCCCCCCCCC)CCC(=O)OCCCCCCCCCCCCCCCCCCC)c(C)c1C,M907,Cc1cc(N)c(C)c(C)c1N,O19,C=CC(=O)OCCCCCCCCCCCCCCCCCCC,O19,C=CC(=O)OCCCCCCCCCCCCCCCCCCC,O19,C=CC(=O)OCCCCCCCCCCCCCCCCCCC,O19,C=CC(=O)OCCCCCCCCCCCCCCCCCCC,PRIMARY_PRIMARY,4.0,ARCH_HEAD_4_TAILS,AZA_MICHAEL_ADDITION
LNPhub_3V00000085,CCCCCCCCCCCCCCCCCOC(=O)CCN(CCC(=O)OCCCCCCCCCCCCCCCCC)c1cc(S(=O)(=O)CC)ccc1N(CCC(=O)OCCCCCC)CCC(=O)OCCCCCC,M434,CCS(=O)(=O)c1ccc(N)c(N)c1,O6,C=CC(=O)OCCCCCC,O6,C=CC(=O)OCCCCCC,O17,C=CC(=O)OCCCCCCCCCCCCCCCCC,O17,C=CC(=O)OCCCCCCCCCCCCCCCCC,PRIMARY_PRIMARY,4.0,ARCH_HEAD_4_TAILS,AZA_MICHAEL_ADDITION
LNPhub_3V00000086,CCCCCCCCCCCCCCCCCCCCOC(=O)CCN(CCC(=O)OCCCCCCCCCCCCCCCCCCCC)c1cc(OC(F)(F)F)ccc1N(CCC(=O)OCCCCCC)CCC(=O)OCCCCCC,M838,Nc1ccc(OC(F)(F)F)cc1N,O6,C=CC(=O)OCCCCCC,O6,C=CC(=O)OCCCCCC,O20,C=CC(=O)OCCCCCCCCCCCCCCCCCCCC,O20,C=CC(=O)OCCCCCCCCCCCCCCCCCCCC,PRIMARY_PRIMARY,4.0,ARCH_HEAD_4_TAILS,AZA_MICHAEL_ADDITION
LNPhub_3V00000087,CCCCCCCCCCCCOC(=O)CCN(CCC(=O)OCCCCCCCCCCCC)c1cc(OC)ccc1N(CCC(=O)OCCCCCCCCCC)CCC(=O)OCCCCCCCCCC,M720,COc1ccc(N)c(N)c1,O10,C=CC(=O)OCCCCCCCCCC,O10,C=CC(=O)OCCCCCCCCCC,O12,C=CC(=O)OCCCCCCCCCCCC,O12,C=CC(=O)OCCCCCCCCCCCC,PRIMARY_PRIMARY,4.0,ARCH_HEAD_4_TAILS,AZA_MICHAEL_ADDITION
LNPhub_3V00000088,CCCCCCCCCCCCCCCCCCOC(=O)CCN(CCC(=O)OCCCCCCCCCCCCCCCCCC)c1c(N(CCC(=O)OCCCCCC)CCC(=O)OCCCCCC)c(=O)[nH]c(=S)n1C,M827,Cn1c(N)c(N)c(=O)[nH]c1=S,O18,C=CC(=O)OCCCCCCCCCCCCCCCCCC,O18,C=CC(=O)OCCCCCCCCCCCCCCCCCC,O6,C=CC(=O)OCCCCCC,O6,C=CC(=O)OCCCCCC,PRIMARY_PRIMARY,4.0,ARCH_HEAD_4_TAILS,AZA_MICHAEL_ADDITION
LNPhub_3V00000089,CCCCCCCCCCCCCCCCCCOC(=O)CCN(CCC(=O)OCCCCCCCCCCCCCCCCCC)CCN(CCC(=O)OCCCCCCCCCC)Cc1ccccc1,M48,NCCNCc1ccccc1,O18,C=CC(=O)OCCCCCCCCCCCCCCCCCC,O18,C=CC(=O)OCCCCCCCCCCCCCCCCCC,O10,C=CC(=O)OCCCCCCCCCC,,,PRIMARY_SECONDARY,3.0,ARCH_HEAD_3_TAILS,AZA_MICHAEL_ADDITION
LNPhub_3V00000090,CCCCCCCCCCCCCCCCCCCCOC(=O)CCN(CCC(=O)OCCCCCCCCCCCCCCCCCCCC)C(CN(CCC(=O)OCCCCCCCCCCCCCC)CCC(=O)OCCCCCCCCCCCCCC)c1cccc(C(F)(F)F)c1,M537,NCC(N)c1cccc(C(F)(F)F)c1,O14,C=CC(=O)OCCCCCCCCCCCCCC,O14,C=CC(=O)OCCCCCCCCCCCCCC,O20,C=CC(=O)OCCCCCCCCCCCCCCCCCCCC,O20,C=CC(=O)OCCCCCCCCCCCCCCCCCCCC,PRIMARY_PRIMARY,4.0,ARCH_HEAD_4_TAILS,AZA_MICHAEL_ADDITION
LNPhub_3V00000091,CCCCCCCCCCCOC(=O)CCN(CCC(=O)OCCCCCCCCCCC)C1(COC)CCN(CCC(=O)OCCCCCCCC)CC1,M516,COCC1(N)CCNCC1,O11,C=CC(=O)OCCCCCCCCCCC,O11,C=CC(=O)OCCCCCCCCCCC,O8,C=CC(=O)OCCCCCCCC,,,PRIMARY_SECONDARY,3.0,ARCH_HEAD_3_TAILS,AZA_MICHAEL_ADDITION
LNPhub_3V00000092,CCCCCCCCCCCCCCCCCCCCCOC(=O)CCN1CC(C)CC(N(CCC(=O)OCCCCCCCCCCCCCCC)CCC(=O)OCCCCCCCCCCCCCCC)C1,M2256,CC1CNCC(N)C1,O21,C=CC(=O)OCCCCCCCCCCCCCCCCCCCCC,O15,C=CC(=O)OCCCCCCCCCCCCCCC,O15,C=CC(=O)OCCCCCCCCCCCCCCC,,,PRIMARY_SECONDARY,3.0,ARCH_HEAD_3_TAILS,AZA_MICHAEL_ADDITION
LNPhub_3V00000093,CCCCCCCCCCCCCOC(=O)CCN(CCC(=O)OCCCCCCCCCCCCC)NC(=O)c1cnn(Cc2ccccc2)c1N(CCC(=O)OCCCCCCCCCCC)CCC(=O)OCCCCCCCCCCC,M267,NNC(=O)c1cnn(Cc2ccccc2)c1N,O13,C=CC(=O)OCCCCCCCCCCCCC,O13,C=CC(=O)OCCCCCCCCCCCCC,O11,C=CC(=O)OCCCCCCCCCCC,O11,C=CC(=O)OCCCCCCCCCCC,PRIMARY_PRIMARY,4.0,ARCH_HEAD_4_TAILS,AZA_MICHAEL_ADDITION
LNPhub_3V00000094,CCCCCCCCCCCCCCCCCCCOC(=O)CCN(CCCCCC(F)CCN(CCC(=O)OCCCCCCCCCCCC)CCC(=O)OCCCCCCCCCCCC)CCC(=O)OCCCCCCCCCCCCCCCCCCC,M842,NCCCCCC(F)CCN,O19,C=CC(=O)OCCCCCCCCCCCCCCCCCCC,O19,C=CC(=O)OCCCCCCCCCCCCCCCCCCC,O12,C=CC(=O)OCCCCCCCCCCCC,O12,C=CC(=O)OCCCCCCCCCCCC,PRIMARY_PRIMARY,4.0,ARCH_HEAD_4_TAILS,AZA_MICHAEL_ADDITION
LNPhub_3V00000095,CCCCCCCCCCCCCCCCCCCCOC(=O)CCN1CCN(CCn2c(C)c(C)c(C#N)c2N(CCC(=O)OCCCCCCCCCCCCCCC)CCC(=O)OCCCCCCCCCCCCCCC)CC1,M1357,Cc1c(C#N)c(N)n(CCN2CCNCC2)c1C,O15,C=CC(=O)OCCCCCCCCCCCCCCC,O15,C=CC(=O)OCCCCCCCCCCCCCCC,O20,C=CC(=O)OCCCCCCCCCCCCCCCCCCCC,,,PRIMARY_SECONDARY,3.0,ARCH_HEAD_3_TAILS,AZA_MICHAEL_ADDITION
LNPhub_3V00000096,CCCCCCCCCCCCCCCCCCOC(=O)CCN(CCC(=O)OCCCCCCCCCCCCCCCCCC)C(CC)C(=O)NN(CCC(=O)OCCCCCCCCCCC)CCC(=O)OCCCCCCCCCCC,M1824,CCC(N)C(=O)NN,O18,C=CC(=O)OCCCCCCCCCCCCCCCCCC,O18,C=CC(=O)OCCCCCCCCCCCCCCCCCC,O11,C=CC(=O)OCCCCCCCCCCC,O11,C=CC(=O)OCCCCCCCCCCC,PRIMARY_PRIMARY,4.0,ARCH_HEAD_4_TAILS,AZA_MICHAEL_ADDITION
LNPhub_3V00000097,CCCCCCCCOC(=O)CCN(CCC(=O)OCCCCCCCC)c1cc(C)c(Br)cc1N(CCC(=O)OCCCCCCC)CCC(=O)OCCCCCCC,M567,Cc1cc(N)c(N)cc1Br,O8,C=CC(=O)OCCCCCCCC,O8,C=CC(=O)OCCCCCCCC,O7,C=CC(=O)OCCCCCCC,O7,C=CC(=O)OCCCCCCC,PRIMARY_PRIMARY,4.0,ARCH_HEAD_4_TAILS,AZA_MICHAEL_ADDITION
LNPhub_3V00000098,CCCCCCCCCCCCCCCCCCCOC(=O)CCN(CCCCCCN(CCC(=O)OCCCCCCCCCCCCCCCCCCC)c1cccc2c1C(=O)N(C1CCC(=O)NC1=O)C2=O)CCC(=O)OCCCCCCCCCCCCCCCCCCC,M1845,NCCCCCCNc1cccc2c1C(=O)N(C1CCC(=O)NC1=O)C2=O,O19,C=CC(=O)OCCCCCCCCCCCCCCCCCCC,O19,C=CC(=O)OCCCCCCCCCCCCCCCCCCC,O19,C=CC(=O)OCCCCCCCCCCCCCCCCCCC,,,PRIMARY_SECONDARY,3.0,ARCH_HEAD_3_TAILS,AZA_MICHAEL_ADDITION
LNPhub_3V00000099,CCCCCCCCCCCCCCCCCCCCCOC(=O)CCN(CCC(=O)OCCCCCCCCCCCCCCCCCCCCC)c1cc(S(=O)(=O)NCC)ccc1N(CCC(=O)OCCCCCCCCCCCC)CCC(=O)OCCCCCCCCCCCC,M1124,CCNS(=O)(=O)c1ccc(N)c(N)c1,O12,C=CC(=O)OCCCCCCCCCCCC,O12,C=CC(=O)OCCCCCCCCCCCC,O21,C=CC(=O)OCCCCCCCCCCCCCCCCCCCCC,O21,C=CC(=O)OCCCCCCCCCCCCCCCCCCCCC,PRIMARY_PRIMARY,4.0,ARCH_HEAD_4_TAILS,AZA_MICHAEL_ADDITION
LNPhub_3V00000100,CCCCCCCCCCCCCCCCCCCCCOC(=O)CCN(CCC(=O)OCCCCCCCCCCCCCCCCCCCCC)c1ccc(N(CCC(=O)OCCCCCCCCCCCCCCCCCCC)CCC(=O)OCCCCCCCCCCCCCCCCCCC)cc1C,M1390,Cc1cc(N)ccc1N,O19,C=CC(=O)OCCCCCCCCCCCCCCCCCCC,O19,C=CC(=O)OCCCCCCCCCCCCCCCCCCC,O21,C=CC(=O)OCCCCCCCCCCCCCCCCCCCCC,O21,C=CC(=O)OCCCCCCCCCCCCCCCCCCCCC,PRIMARY_PRIMARY,4.0,ARCH_HEAD_4_TAILS,AZA_MICHAEL_ADDITION
LNPhub_3V00000101,CCCCCCCCCCCCCCCCCCCCOC(=O)CCN(CCC(=O)OCCCCCCCCCCCCCCCCCCCC)c1cccnc1N(C)CCC(=O)OCCCCCCCCC,M1299,CNc1ncccc1N,O9,C=CC(=O)OCCCCCCCCC,O20,C=CC(=O)OCCCCCCCCCCCCCCCCCCCC,O20,C=CC(=O)OCCCCCCCCCCCCCCCCCCCC,,,PRIMARY_SECONDARY,3.0,ARCH_HEAD_3_TAILS,AZA_MICHAEL_ADDITION
LNPhub_3V00000102,CCCCCCCCCCCCCCCCCCCCCOC(=O)CCN(CCC(=O)OCCCCCCCCCCCCCCCCCCCCC)C(CO)Cc1cccc(CC(CO)N(CCC(=O)OCCCCCCCCCCCC)CCC(=O)OCCCCCCCCCCCC)c1,M515,NC(CO)Cc1cccc(CC(N)CO)c1,O12,C=CC(=O)OCCCCCCCCCCCC,O12,C=CC(=O)OCCCCCCCCCCCC,O21,C=CC(=O)OCCCCCCCCCCCCCCCCCCCCC,O21,C=CC(=O)OCCCCCCCCCCCCCCCCCCCCC,PRIMARY_PRIMARY,4.0,ARCH_HEAD_4_TAILS,AZA_MICHAEL_ADDITION
LNPhub_3V00000103,CCCCCCCCCCCCOC(=O)CCN(CCC(=O)OCCCCCCCCCCCC)Cc1ccccc1N1CCN(CCC(=O)OCCCCCC)CC1,M2006,NCc1ccccc1N1CCNCC1,O12,C=CC(=O)OCCCCCCCCCCCC,O12,C=CC(=O)OCCCCCCCCCCCC,O6,C=CC(=O)OCCCCCC,,,PRIMARY_SECONDARY,3.0,ARCH_HEAD_3_TAILS,AZA_MICHAEL_ADDITION
LNPhub_3V00000104,CCCCCCCCCOC(=O)CCN(CCC(=O)OCCCCCCCCC)c1nccc(N2CCOCC2)c1N(CCC(=O)OCCCCCCCC)CCC(=O)OCCCCCCCC,M1800,Nc1nccc(N2CCOCC2)c1N,O9,C=CC(=O)OCCCCCCCCC,O9,C=CC(=O)OCCCCCCCCC,O8,C=CC(=O)OCCCCCCCC,O8,C=CC(=O)OCCCCCCCC,PRIMARY_PRIMARY,4.0,ARCH_HEAD_4_TAILS,AZA_MICHAEL_ADDITION
LNPhub_3V00000105,CCCCCCCCCCCCCCCCCCOC(=O)CCN(CCC(=O)OCCCCCCCCCCCCCCCCCC)c1nc(N(CCC(=O)OCCCCCCCC)CCC(=O)OCCCCCCCC)nc2nc(C)cc(C)c12,M662,Cc1cc(C)c2c(N)nc(N)nc2n1,O18,C=CC(=O)OCCCCCCCCCCCCCCCCCC,O18,C=CC(=O)OCCCCCCCCCCCCCCCCCC,O8,C=CC(=O)OCCCCCCCC,O8,C=CC(=O)OCCCCCCCC,PRIMARY_PRIMARY,4.0,ARCH_HEAD_4_TAILS,AZA_MICHAEL_ADDITION
LNPhub_3V00000106,CCCCCCCCCCCCCCCCCCCOC(=O)CCN(CCC(=O)OCCCCCCCCCCCCCCCCCCC)C[C@@H]1CCCN(CCC(=O)OCCCCCCCCCCCCCC)C1,M248,NC[C@@H]1CCCNC1,O19,C=CC(=O)OCCCCCCCCCCCCCCCCCCC,O19,C=CC(=O)OCCCCCCCCCCCCCCCCCCC,O14,C=CC(=O)OCCCCCCCCCCCCCC,,,PRIMARY_SECONDARY,3.0,ARCH_HEAD_3_TAILS,AZA_MICHAEL_ADDITION
LNPhub_3V00000107,CCCCCCCCCCCCCCCCCCOC(=O)CCN(CCC(=O)OCCCCCCCCCCCCCCCCCC)c1cnc(N(CCC(=O)OCCCCCCC)CCC(=O)OCCCCCCC)cc1Cl,M2218,Nc1cc(Cl)c(N)cn1,O7,C=CC(=O)OCCCCCCC,O7,C=CC(=O)OCCCCCCC,O18,C=CC(=O)OCCCCCCCCCCCCCCCCCC,O18,C=CC(=O)OCCCCCCCCCCCCCCCCCC,PRIMARY_PRIMARY,4.0,ARCH_HEAD_4_TAILS,AZA_MICHAEL_ADDITION
LNPhub_3V00000108,CCCCCCCCCCCCCCCCCCOC(=O)CCN(CCC(=O)OCCCCCCCCCCCCCCCCCC)C1(C)CN(CCC(=O)OCCCCC)C1,M1694,CC1(N)CNC1,O18,C=CC(=O)OCCCCCCCCCCCCCCCCCC,O18,C=CC(=O)OCCCCCCCCCCCCCCCCCC,O5,C=CC(=O)OCCCCC,,,PRIMARY_SECONDARY,3.0,ARCH_HEAD_3_TAILS,AZA_MICHAEL_ADDITION
LNPhub_3V00000109,CCCCCCCCCCCCCOC(=O)CCN(CCC(=O)OCCCCCCCCCCCCC)c1c(N(CCC(=O)OCCCCCCCC)CCC(=O)OCCCCCCCC)cccc1[N+](=O)[O-],M1878,Nc1cccc([N+](=O)[O-])c1N,O8,C=CC(=O)OCCCCCCCC,O8,C=CC(=O)OCCCCCCCC,O13,C=CC(=O)OCCCCCCCCCCCCC,O13,C=CC(=O)OCCCCCCCCCCCCC,PRIMARY_PRIMARY,4.0,ARCH_HEAD_4_TAILS,AZA_MICHAEL_ADDITION
LNPhub_3V00000110,CCCCCCCCCCCCCCCCCCOC(=O)CCN(CCC(=O)OCCCCCCCCCCCCCCCCCC)CCn1ccnc1N(CCC(=O)OCCCCCCCCCCCCCCC)CCC(=O)OCCCCCCCCCCCCCCC,M1964,NCCn1ccnc1N,O18,C=CC(=O)OCCCCCCCCCCCCCCCCCC,O18,C=CC(=O)OCCCCCCCCCCCCCCCCCC,O15,C=CC(=O)OCCCCCCCCCCCCCCC,O15,C=CC(=O)OCCCCCCCCCCCCCCC,PRIMARY_PRIMARY,4.0,ARCH_HEAD_4_TAILS,AZA_MICHAEL_ADDITION
LNPhub_3V00000111,CCCCCCCCCCCCCCCCCCCCCOC(=O)CCN(CCOCCOCCN1CCC(c2ccc(N(CCC(=O)OCCCCCCCC)c3nc(N4CCCCC4)cnc3C(N)=O)cc2)CC1)CCC(=O)OCCCCCCCCCCCCCCCCCCCCC,M2037,NCCOCCOCCN1CCC(c2ccc(Nc3nc(N4CCCCC4)cnc3C(N)=O)cc2)CC1,O21,C=CC(=O)OCCCCCCCCCCCCCCCCCCCCC,O21,C=CC(=O)OCCCCCCCCCCCCCCCCCCCCC,O8,C=CC(=O)OCCCCCCCC,,,PRIMARY_SECONDARY,3.0,ARCH_HEAD_3_TAILS,AZA_MICHAEL_ADDITION
LNPhub_3V00000112,CCCCCCCCCCCCCOC(=O)CCN(CCCON(CCC(=O)OCCCCC)CCC(=O)OCCCCC)CCC(=O)OCCCCCCCCCCCCC,M920,NCCCON,O13,C=CC(=O)OCCCCCCCCCCCCC,O13,C=CC(=O)OCCCCCCCCCCCCC,O5,C=CC(=O)OCCCCC,O5,C=CC(=O)OCCCCC,PRIMARY_PRIMARY,4.0,ARCH_HEAD_4_TAILS,AZA_MICHAEL_ADDITION
LNPhub_3V00000113,CCCCCCCCCCCCOC(=O)CCN(CCC(=O)OCCCCCCCCCCCC)c1ccnc2c1CN(CCC(=O)OCCCCCCCCC)CC2,M1379,Nc1ccnc2c1CNCC2,O12,C=CC(=O)OCCCCCCCCCCCC,O12,C=CC(=O)OCCCCCCCCCCCC,O9,C=CC(=O)OCCCCCCCCC,,,PRIMARY_SECONDARY,3.0,ARCH_HEAD_3_TAILS,AZA_MICHAEL_ADDITION
LNPhub_3V00000114,CCCCCCCCCCCCOC(=O)CCN(CCC(=O)OCCCCCCCCCCCC)[C@@H](Cc1ccccc1)CN(CCC(=O)OCCCCCCCCC)c1nc(-c2ccncc2)nc2c(Br)csc12,M2249,N[C@H](CNc1nc(-c2ccncc2)nc2c(Br)csc12)Cc1ccccc1,O12,C=CC(=O)OCCCCCCCCCCCC,O12,C=CC(=O)OCCCCCCCCCCCC,O9,C=CC(=O)OCCCCCCCCC,,,PRIMARY_SECONDARY,3.0,ARCH_HEAD_3_TAILS,AZA_MICHAEL_ADDITION
LNPhub_3V00000115,CCCCCCCCCCCCCCCCCCCCCOC(=O)CCN(CCC(=O)OCCCCCCCCCCCCCCCCCCCCC)[C@@H]1c2ccccc2C[C@@H]1N(CCC(=O)OCCCCCCCCCCCCCCCCCCCCC)CCC(=O)OCCCCCCCCCCCCCCCCCCCCC,M1536,N[C@@H]1c2ccccc2C[C@@H]1N,O21,C=CC(=O)OCCCCCCCCCCCCCCCCCCCCC,O21,C=CC(=O)OCCCCCCCCCCCCCCCCCCCCC,O21,C=CC(=O)OCCCCCCCCCCCCCCCCCCCCC,O21,C=CC(=O)OCCCCCCCCCCCCCCCCCCCCC,PRIMARY_PRIMARY,4.0,ARCH_HEAD_4_TAILS,AZA_MICHAEL_ADDITION
LNPhub_3V00000116,CCCCCCCCCCCOC(=O)CCN(CCC(=O)OCCCCCCCCCCC)c1cc(CCCC)ccc1N(CCC(=O)OCCCCC)CCC(=O)OCCCCC,M713,CCCCc1ccc(N)c(N)c1,O5,C=CC(=O)OCCCCC,O5,C=CC(=O)OCCCCC,O11,C=CC(=O)OCCCCCCCCCCC,O11,C=CC(=O)OCCCCCCCCCCC,PRIMARY_PRIMARY,4.0,ARCH_HEAD_4_TAILS,AZA_MICHAEL_ADDITION
LNPhub_3V00000117,CCCCCCCCCCCOC(=O)CCN1c2cc(N(CCC(=O)OCCCCCCCCCC)CCC(=O)OCCCCCCCCCC)nn2C(C)CC1(C)C,M1899,CC1CC(C)(C)Nc2cc(N)nn21,O11,C=CC(=O)OCCCCCCCCCCC,O10,C=CC(=O)OCCCCCCCCCC,O10,C=CC(=O)OCCCCCCCCCC,,,PRIMARY_SECONDARY,3.0,ARCH_HEAD_3_TAILS,AZA_MICHAEL_ADDITION
LNPhub_3V00000118,CCCCCCCCCCCCCCOC(=O)CCN(CCCN(CCC(=O)OCCCCCCCCCC)CCC(=O)OCCCCCCCCCC)c1ccc(C)cc1[N+](=O)[O-],M239,Cc1ccc(NCCCN)c([N+](=O)[O-])c1,O14,C=CC(=O)OCCCCCCCCCCCCCC,O10,C=CC(=O)OCCCCCCCCCC,O10,C=CC(=O)OCCCCCCCCCC,,,PRIMARY_SECONDARY,3.0,ARCH_HEAD_3_TAILS,AZA_MICHAEL_ADDITION
LNPhub_3V00000119,CCCCCCCCCCCCCCCCCCCCCOC(=O)CCN(CCC(=O)OCCCCCCCCCCCCCCCCCCCCC)CC(C)CCCCN(CCC(=O)OCCCCCCCCCCCCCCCC)CCC(=O)OCCCCCCCCCCCCCCCC,M71,CC(CN)CCCCN,O21,C=CC(=O)OCCCCCCCCCCCCCCCCCCCCC,O21,C=CC(=O)OCCCCCCCCCCCCCCCCCCCCC,O16,C=CC(=O)OCCCCCCCCCCCCCCCC,O16,C=CC(=O)OCCCCCCCCCCCCCCCC,PRIMARY_PRIMARY,4.0,ARCH_HEAD_4_TAILS,AZA_MICHAEL_ADDITION
LNPhub_3V00000120,CCCCCCCCCCCCCCCCOC(=O)CCN(Cc1ccccc1N(CCC(=O)OCCCCCCCC)CCC(=O)OCCCCCCCC)[C@H]1CC[C@H](O)CC1,M1169,Nc1ccccc1CN[C@H]1CC[C@H](O)CC1,O8,C=CC(=O)OCCCCCCCC,O8,C=CC(=O)OCCCCCCCC,O16,C=CC(=O)OCCCCCCCCCCCCCCCC,,,PRIMARY_SECONDARY,3.0,ARCH_HEAD_3_TAILS,AZA_MICHAEL_ADDITION
LNPhub_3V00000121,CCCCCCCCCCCCCCOC(=O)CCN(CCC(=O)OCCCCCCCCCCCCCC)CC1CCC(C)CN1CCC(=O)OCCCCCCCC,M1074,CC1CCC(CN)NC1,O14,C=CC(=O)OCCCCCCCCCCCCCC,O14,C=CC(=O)OCCCCCCCCCCCCCC,O8,C=CC(=O)OCCCCCCCC,,,PRIMARY_SECONDARY,3.0,ARCH_HEAD_3_TAILS,AZA_MICHAEL_ADDITION
LNPhub_3V00000122,CCCCCCCCCCCCOC(=O)CCN(CCC(=O)OCCCCCCCCCCCC)c1ncc2c(c1C#N)CCN(CCC(=O)OCCCCCCC)C2,M1493,N#Cc1c(N)ncc2c1CCNC2,O12,C=CC(=O)OCCCCCCCCCCCC,O12,C=CC(=O)OCCCCCCCCCCCC,O7,C=CC(=O)OCCCCCCC,,,PRIMARY_SECONDARY,3.0,ARCH_HEAD_3_TAILS,AZA_MICHAEL_ADDITION
LNPhub_3V00000123,CCCCCCCCCCCCCCCCCCCCCCOC(=O)CCN(CCCC[C@@H](C(N)=O)N(CCC(=O)OCCCCCCCCCCCCCCCCCCCCCC)CCC(=O)OCCCCCCCCCCCCCCCCCCCCCC)CCC(=O)OCCCCCCCCCCCCCCCCCCCCCC,M1138,NCCCC[C@H](N)C(N)=O,O22,C=CC(=O)OCCCCCCCCCCCCCCCCCCCCCC,O22,C=CC(=O)OCCCCCCCCCCCCCCCCCCCCCC,O22,C=CC(=O)OCCCCCCCCCCCCCCCCCCCCCC,O22,C=CC(=O)OCCCCCCCCCCCCCCCCCCCCCC,PRIMARY_PRIMARY,4.0,ARCH_HEAD_4_TAILS,AZA_MICHAEL_ADDITION
LNPhub_3V00000124,CCCCCCCCCCCCCCCCCCCOC(=O)CCN(Cc1ccccc1N(CCC(=O)OCCCCCCCCCCCCCCCC)CCC(=O)OCCCCCCCCCCCCCCCC)c1ccccc1,M247,Nc1ccccc1CNc1ccccc1,O16,C=CC(=O)OCCCCCCCCCCCCCCCC,O16,C=CC(=O)OCCCCCCCCCCCCCCCC,O19,C=CC(=O)OCCCCCCCCCCCCCCCCCCC,,,PRIMARY_SECONDARY,3.0,ARCH_HEAD_3_TAILS,AZA_MICHAEL_ADDITION
LNPhub_3V00000125,CCCCCCCCCCCCOC(=O)CCN(CCC(=O)OCCCCCCCCCCCC)NC(=O)c1cn[nH]c1CN(CCC(=O)OCCCCCCCCC)CCC(=O)OCCCCCCCCC,M1639,NCc1[nH]ncc1C(=O)NN,O9,C=CC(=O)OCCCCCCCCC,O9,C=CC(=O)OCCCCCCCCC,O12,C=CC(=O)OCCCCCCCCCCCC,O12,C=CC(=O)OCCCCCCCCCCCC,PRIMARY_PRIMARY,4.0,ARCH_HEAD_4_TAILS,AZA_MICHAEL_ADDITION
LNPhub_3V00000126,CCCCCCCCCCCCCCCCCCCCCCOC(=O)CCN(CCC(=O)OCCCCCCCCCCCCCCCCCCCCCC)[C@H]1CCCC[C@H]1N(CCC(=O)OCCCCCCCCCCCCCCCC)CCC(=O)OCCCCCCCCCCCCCCCC,M18,N[C@@H]1CCCC[C@@H]1N,O16,C=CC(=O)OCCCCCCCCCCCCCCCC,O16,C=CC(=O)OCCCCCCCCCCCCCCCC,O22,C=CC(=O)OCCCCCCCCCCCCCCCCCCCCCC,O22,C=CC(=O)OCCCCCCCCCCCCCCCCCCCCCC,PRIMARY_PRIMARY,4.0,ARCH_HEAD_4_TAILS,AZA_MICHAEL_ADDITION
LNPhub_3V00000127,CCCCCCCCCCCCCCCCCCCCCOC(=O)CCN(CCC(=O)OCCCCCCCCCCCCCCCCCCCCC)c1nc(-c2ccccc2)cn1N(CCC(=O)OCCCCCCCCCCCCCCCCCCCC)CCC(=O)OCCCCCCCCCCCCCCCCCCCC,M112,Nc1nc(-c2ccccc2)cn1N,O21,C=CC(=O)OCCCCCCCCCCCCCCCCCCCCC,O21,C=CC(=O)OCCCCCCCCCCCCCCCCCCCCC,O20,C=CC(=O)OCCCCCCCCCCCCCCCCCCCC,O20,C=CC(=O)OCCCCCCCCCCCCCCCCCCCC,PRIMARY_PRIMARY,4.0,ARCH_HEAD_4_TAILS,AZA_MICHAEL_ADDITION
LNPhub_3V00000128,CCCCCCCCCCCCCCCCCCCOC(=O)CCN(CCC(=O)OCCCCCCCCCCCCCCCCCCC)Cc1ccnc(N(CCC(=O)OCCCCCCCCCCCC)CCC(=O)OCCCCCCCCCCCC)n1,M2215,NCc1ccnc(N)n1,O19,C=CC(=O)OCCCCCCCCCCCCCCCCCCC,O19,C=CC(=O)OCCCCCCCCCCCCCCCCCCC,O12,C=CC(=O)OCCCCCCCCCCCC,O12,C=CC(=O)OCCCCCCCCCCCC,PRIMARY_PRIMARY,4.0,ARCH_HEAD_4_TAILS,AZA_MICHAEL_ADDITION
LNPhub_3V00000129,CCCCCCCCCCCCCCOC(=O)CCN(CCN(CCC(=O)OCCCCCCC)CCC(=O)OCCCCCCC)Cc1cc(Cl)sc1Cl,M2274,NCCNCc1cc(Cl)sc1Cl,O7,C=CC(=O)OCCCCCCC,O7,C=CC(=O)OCCCCCCC,O14,C=CC(=O)OCCCCCCCCCCCCCC,,,PRIMARY_SECONDARY,3.0,ARCH_HEAD_3_TAILS,AZA_MICHAEL_ADDITION
LNPhub_3V00000130,CCCCCCCCCCCCCCCCCCCCCCOC(=O)CCN(CCN(CCC(=O)OCCCCCC)CCC(=O)OCCCCCC)Cc1cccc(O)c1O,M2284,NCCNCc1cccc(O)c1O,O6,C=CC(=O)OCCCCCC,O6,C=CC(=O)OCCCCCC,O22,C=CC(=O)OCCCCCCCCCCCCCCCCCCCCCC,,,PRIMARY_SECONDARY,3.0,ARCH_HEAD_3_TAILS,AZA_MICHAEL_ADDITION
LNPhub_3V00000131,CCCCCCCCCCCCCCCCCCCOC(=O)CCN(CCC(=O)OCCCCCCCCCCCCCCCCCCC)c1cnc2n1CCN(CCC(=O)OCCCCCCCCCCCCCC)C2,M1616,Nc1cnc2n1CCNC2,O19,C=CC(=O)OCCCCCCCCCCCCCCCCCCC,O19,C=CC(=O)OCCCCCCCCCCCCCCCCCCC,O14,C=CC(=O)OCCCCCCCCCCCCCC,,,PRIMARY_SECONDARY,3.0,ARCH_HEAD_3_TAILS,AZA_MICHAEL_ADDITION
LNPhub_3V00000132,CCCCCCCCCCCCCCOC(=O)CCN1CC[C@@H](N(CCC(=O)OCCCCCCCCC)CCC(=O)OCCCCCCCCC)C1,M794,N[C@@H]1CCNC1,O9,C=CC(=O)OCCCCCCCCC,O9,C=CC(=O)OCCCCCCCCC,O14,C=CC(=O)OCCCCCCCCCCCCCC,,,PRIMARY_SECONDARY,3.0,ARCH_HEAD_3_TAILS,AZA_MICHAEL_ADDITION
LNPhub_3V00000133,CCCCCCCCCCCCCOC(=O)CCN(C)c1cc(N2CCCC(CN(CCC(=O)OCCCCCCCCCCCC)CCC(=O)OCCCCCCCCCCCC)C2)ncn1,M1486,CNc1cc(N2CCCC(CN)C2)ncn1,O13,C=CC(=O)OCCCCCCCCCCCCC,O12,C=CC(=O)OCCCCCCCCCCCC,O12,C=CC(=O)OCCCCCCCCCCCC,,,PRIMARY_SECONDARY,3.0,ARCH_HEAD_3_TAILS,AZA_MICHAEL_ADDITION
LNPhub_3V00000134,CCCCCCCCCCCCCCCCCCCCCOC(=O)CCN(CCOC)CCN(CCC(=O)OCCCCCCCCCC)CCC(=O)OCCCCCCCCCC,M2193,COCCNCCN,O21,C=CC(=O)OCCCCCCCCCCCCCCCCCCCCC,O10,C=CC(=O)OCCCCCCCCCC,O10,C=CC(=O)OCCCCCCCCCC,,,PRIMARY_SECONDARY,3.0,ARCH_HEAD_3_TAILS,AZA_MICHAEL_ADDITION
LNPhub_3V00000135,CCCCCCCCCCCCCCOC(=O)CCN(CCC(=O)OCCCCCCCCCCCCCC)c1ccccc1C(=O)NCCN(CCC(=O)OCCCCCCCCCCCCC)CCC(=O)OCCCCCCCCCCCCC,M424,NCCNC(=O)c1ccccc1N,O13,C=CC(=O)OCCCCCCCCCCCCC,O13,C=CC(=O)OCCCCCCCCCCCCC,O14,C=CC(=O)OCCCCCCCCCCCCCC,O14,C=CC(=O)OCCCCCCCCCCCCCC,PRIMARY_PRIMARY,4.0,ARCH_HEAD_4_TAILS,AZA_MICHAEL_ADDITION
LNPhub_3V00000136,CCCCCCCCCCCCCCCCCCCCCOC(=O)CCN(c1cc(CN(CCC(=O)OCCCCCC)CCC(=O)OCCCCCC)ccn1)C1CC1,M1575,NCc1ccnc(NC2CC2)c1,O6,C=CC(=O)OCCCCCC,O6,C=CC(=O)OCCCCCC,O21,C=CC(=O)OCCCCCCCCCCCCCCCCCCCCC,,,PRIMARY_SECONDARY,3.0,ARCH_HEAD_3_TAILS,AZA_MICHAEL_ADDITION
LNPhub_3V00000137,CCCCCCCCCCCCCCCCCCCOC(=O)CCN(CCC(=O)OCCCCCCCCCCCCCCCCCCC)c1cc(S(=O)(=O)N2CCOCC2)ccc1N(CC)CCC(=O)OCCCCCCCCCCC,M151,CCNc1ccc(S(=O)(=O)N2CCOCC2)cc1N,O11,C=CC(=O)OCCCCCCCCCCC,O19,C=CC(=O)OCCCCCCCCCCCCCCCCCCC,O19,C=CC(=O)OCCCCCCCCCCCCCCCCCCC,,,PRIMARY_SECONDARY,3.0,ARCH_HEAD_3_TAILS,AZA_MICHAEL_ADDITION
LNPhub_3V00000138,CCCCCCCCCCCCCCCCCCCOC(=O)CCN(CCC(=O)OCCCCCCCCCCCCCCCCCCC)c1nccc2cc(N(CCC(=O)OCCCCCCCCCCCCCCC)CCC(=O)OCCCCCCCCCCCCCCC)ccc12,M1520,Nc1ccc2c(N)nccc2c1,O15,C=CC(=O)OCCCCCCCCCCCCCCC,O15,C=CC(=O)OCCCCCCCCCCCCCCC,O19,C=CC(=O)OCCCCCCCCCCCCCCCCCCC,O19,C=CC(=O)OCCCCCCCCCCCCCCCCCCC,PRIMARY_PRIMARY,4.0,ARCH_HEAD_4_TAILS,AZA_MICHAEL_ADDITION
LNPhub_3V00000139,CCCCCCCCCCCOC(=O)CCN(CCC(=O)OCCCCCCCCCCC)c1c(Cl)c(Cl)c(N(CCC(=O)OCCCCC)CCC(=O)OCCCCC)c2[nH]c(C)nc12,M1589,Cc1nc2c(N)c(Cl)c(Cl)c(N)c2[nH]1,O11,C=CC(=O)OCCCCCCCCCCC,O11,C=CC(=O)OCCCCCCCCCCC,O5,C=CC(=O)OCCCCC,O5,C=CC(=O)OCCCCC,PRIMARY_PRIMARY,4.0,ARCH_HEAD_4_TAILS,AZA_MICHAEL_ADDITION
LNPhub_3V00000140,CCCCCCCCCCCOC(=O)CCN(CCC(=O)OCCCCCCCCCCC)c1nn(C)cc1N(CCC(=O)OCCCCCCCC)c1ccccc1,M652,Cn1cc(Nc2ccccc2)c(N)n1,O8,C=CC(=O)OCCCCCCCC,O11,C=CC(=O)OCCCCCCCCCCC,O11,C=CC(=O)OCCCCCCCCCCC,,,PRIMARY_SECONDARY,3.0,ARCH_HEAD_3_TAILS,AZA_MICHAEL_ADDITION
LNPhub_3V00000141,CCCCCCCCCCCCCCCCCCOC(=O)CCN(CCC(=O)OCCCCCCCCCCCCCCCCCC)c1ccc2cc(Br)ccc2c1N(CCC(=O)OCCCCCCCCCCCCCCCC)CCC(=O)OCCCCCCCCCCCCCCCC,M1258,Nc1ccc2cc(Br)ccc2c1N,O18,C=CC(=O)OCCCCCCCCCCCCCCCCCC,O18,C=CC(=O)OCCCCCCCCCCCCCCCCCC,O16,C=CC(=O)OCCCCCCCCCCCCCCCC,O16,C=CC(=O)OCCCCCCCCCCCCCCCC,PRIMARY_PRIMARY,4.0,ARCH_HEAD_4_TAILS,AZA_MICHAEL_ADDITION
LNPhub_3V00000142,CCCCCCCCCCCCCCCCCCCCCOC(=O)CCN(CCC(=O)OCCCCCCCCCCCCCCCCCCCCC)Cc1cc(N(CCC(=O)OCCCCCCCCCCCCCCCCCCC)CCC(=O)OCCCCCCCCCCCCCCCCCCC)ccc1F,M1593,NCc1cc(N)ccc1F,O21,C=CC(=O)OCCCCCCCCCCCCCCCCCCCCC,O21,C=CC(=O)OCCCCCCCCCCCCCCCCCCCCC,O19,C=CC(=O)OCCCCCCCCCCCCCCCCCCC,O19,C=CC(=O)OCCCCCCCCCCCCCCCCCCC,PRIMARY_PRIMARY,4.0,ARCH_HEAD_4_TAILS,AZA_MICHAEL_ADDITION
LNPhub_3V00000143,CCCCCCCCCCCCCCCCCCCCCCOC(=O)CCN(CCC(=O)OCCCCCCCCCCCCCCCCCCCCCC)c1cc([N+](=O)[O-])c(Br)cc1N(CCC(=O)OCCCCCCCCCCCCCCCCCCCCC)CCC(=O)OCCCCCCCCCCCCCCCCCCCCC,M2107,Nc1cc(Br)c([N+](=O)[O-])cc1N,O21,C=CC(=O)OCCCCCCCCCCCCCCCCCCCCC,O21,C=CC(=O)OCCCCCCCCCCCCCCCCCCCCC,O22,C=CC(=O)OCCCCCCCCCCCCCCCCCCCCCC,O22,C=CC(=O)OCCCCCCCCCCCCCCCCCCCCCC,PRIMARY_PRIMARY,4.0,ARCH_HEAD_4_TAILS,AZA_MICHAEL_ADDITION
LNPhub_3V00000144,CCCCCCCCCCCCCCCCCCCCCOC(=O)CCN(CCC(=O)OCCCCCCCCCCCCCCCCCCCCC)C(C)c1cc(N(CCC(=O)OCCCCCCCCCCCCCCCCCCC)CCC(=O)OCCCCCCCCCCCCCCCCCCC)ccn1,M1036,CC(N)c1cc(N)ccn1,O21,C=CC(=O)OCCCCCCCCCCCCCCCCCCCCC,O21,C=CC(=O)OCCCCCCCCCCCCCCCCCCCCC,O19,C=CC(=O)OCCCCCCCCCCCCCCCCCCC,O19,C=CC(=O)OCCCCCCCCCCCCCCCCCCC,PRIMARY_PRIMARY,4.0,ARCH_HEAD_4_TAILS,AZA_MICHAEL_ADDITION
LNPhub_3V00000145,CCCCCCCCCCCCCCCCCCCCCOC(=O)CCN(CCC(=O)OCCCCCCCCCCCCCCCCCCCCC)c1ccc(F)c(Br)c1N(CCC(=O)OCCCCCCCCC)CCC(=O)OCCCCCCCCC,M2003,Nc1ccc(F)c(Br)c1N,O21,C=CC(=O)OCCCCCCCCCCCCCCCCCCCCC,O21,C=CC(=O)OCCCCCCCCCCCCCCCCCCCCC,O9,C=CC(=O)OCCCCCCCCC,O9,C=CC(=O)OCCCCCCCCC,PRIMARY_PRIMARY,4.0,ARCH_HEAD_4_TAILS,AZA_MICHAEL_ADDITION
LNPhub_3V00000146,CCCCCCCCCOC(=O)CCN(CCC(=O)OCCCCCCCCC)CCc1ccnc(N(CCC(=O)OCCCCCCCCC)CCC(=O)OCCCCCCCCC)n1,M1808,NCCc1ccnc(N)n1,O9,C=CC(=O)OCCCCCCCCC,O9,C=CC(=O)OCCCCCCCCC,O9,C=CC(=O)OCCCCCCCCC,O9,C=CC(=O)OCCCCCCCCC,PRIMARY_PRIMARY,4.0,ARCH_HEAD_4_TAILS,AZA_MICHAEL_ADDITION
LNPhub_3V00000147,CCCCCCCCCCCCCCCCOC(=O)CCN1CC[C@@H](C(C)(C)C)C[C@H]1CN(CCC(=O)OCCCCCCCCCCCCC)CCC(=O)OCCCCCCCCCCCCC,M1252,CC(C)(C)[C@@H]1CCN[C@H](CN)C1,O16,C=CC(=O)OCCCCCCCCCCCCCCCC,O13,C=CC(=O)OCCCCCCCCCCCCC,O13,C=CC(=O)OCCCCCCCCCCCCC,,,PRIMARY_SECONDARY,3.0,ARCH_HEAD_3_TAILS,AZA_MICHAEL_ADDITION
LNPhub_3V00000148,CCCCCCCCCCCCCCOC(=O)CCN(CCC(=O)OCCCCCCCCCCCCCC)c1noc(-c2ccnc(N(CCC(=O)OCCCCCCCCC)CCC(=O)OCCCCCCCCC)c2)n1,M1414,Nc1cc(-c2nc(N)no2)ccn1,O9,C=CC(=O)OCCCCCCCCC,O9,C=CC(=O)OCCCCCCCCC,O14,C=CC(=O)OCCCCCCCCCCCCCC,O14,C=CC(=O)OCCCCCCCCCCCCCC,PRIMARY_PRIMARY,4.0,ARCH_HEAD_4_TAILS,AZA_MICHAEL_ADDITION
LNPhub_3V00000149,CCCCCCCCCCCOC(=O)CCN(C)c1nc(Cl)c(N=O)c(N(CCC(=O)OCCCCCCCCCCC)CCC(=O)OCCCCCCCCCCC)n1,M1282,CNc1nc(N)c(N=O)c(Cl)n1,O11,C=CC(=O)OCCCCCCCCCCC,O11,C=CC(=O)OCCCCCCCCCCC,O11,C=CC(=O)OCCCCCCCCCCC,,,PRIMARY_SECONDARY,3.0,ARCH_HEAD_3_TAILS,AZA_MICHAEL_ADDITION
LNPhub_3V00000150,CCCCCCCCCCCCCCCCCCOC(=O)CCN(CCC(=O)OCCCCCCCCCCCCCCCCCC)c1nc(N(CCC(=O)OCCCCCCCCCCCCCC)CCC(=O)OCCCCCCCCCCCCCC)ncc1CO,M1506,Nc1ncc(CO)c(N)n1,O14,C=CC(=O)OCCCCCCCCCCCCCC,O14,C=CC(=O)OCCCCCCCCCCCCCC,O18,C=CC(=O)OCCCCCCCCCCCCCCCCCC,O18,C=CC(=O)OCCCCCCCCCCCCCCCCCC,PRIMARY_PRIMARY,4.0,ARCH_HEAD_4_TAILS,AZA_MICHAEL_ADDITION
LNPhub_3V00000151,CCCCCCCCCCCCCCCCCCCCOC(=O)CCN(CCC(=O)OCCCCCCCCCCCCCCCCCCCC)CCN(CCC(=O)OCCCCCCCCCCC)c1ncnc2sccc12,M609,NCCNc1ncnc2sccc12,O20,C=CC(=O)OCCCCCCCCCCCCCCCCCCCC,O20,C=CC(=O)OCCCCCCCCCCCCCCCCCCCC,O11,C=CC(=O)OCCCCCCCCCCC,,,PRIMARY_SECONDARY,3.0,ARCH_HEAD_3_TAILS,AZA_MICHAEL_ADDITION
LNPhub_3V00000152,CCCCCCCCCCCCCCOC(=O)CCN1Cc2cnc(N(CCC(=O)OCCCCCCCCC)CCC(=O)OCCCCCCCCC)nc2C1,M485,Nc1ncc2c(n1)CNC2,O9,C=CC(=O)OCCCCCCCCC,O9,C=CC(=O)OCCCCCCCCC,O14,C=CC(=O)OCCCCCCCCCCCCCC,,,PRIMARY_SECONDARY,3.0,ARCH_HEAD_3_TAILS,AZA_MICHAEL_ADDITION
LNPhub_3V00000153,CCCCCCCCCCCCCCCCCOC(=O)CCN(CCC(=O)OCCCCCCCCCCCCCCCCC)C(CN(CCC(=O)OCCCCCCCC)CCC(=O)OCCCCCCCC)c1cccc(OC(F)F)c1,M2231,NCC(N)c1cccc(OC(F)F)c1,O8,C=CC(=O)OCCCCCCCC,O8,C=CC(=O)OCCCCCCCC,O17,C=CC(=O)OCCCCCCCCCCCCCCCCC,O17,C=CC(=O)OCCCCCCCCCCCCCCCCC,PRIMARY_PRIMARY,4.0,ARCH_HEAD_4_TAILS,AZA_MICHAEL_ADDITION
LNPhub_3V00000154,CCCCCCCCCCCCCCCCCOC(=O)CCN(CCC(=O)OCCCCCCCCCCCCCCCCC)c1ccc(Cl)cc1CN(CCC(=O)OCCCCCCCCCCCC)CCC(=O)OCCCCCCCCCCCC,M1778,NCc1cc(Cl)ccc1N,O12,C=CC(=O)OCCCCCCCCCCCC,O12,C=CC(=O)OCCCCCCCCCCCC,O17,C=CC(=O)OCCCCCCCCCCCCCCCCC,O17,C=CC(=O)OCCCCCCCCCCCCCCCCC,PRIMARY_PRIMARY,4.0,ARCH_HEAD_4_TAILS,AZA_MICHAEL_ADDITION
LNPhub_3V00000155,CCCCCCCCCCCCCCCCOC(=O)CCN(c1ccc(CN(CCC(=O)OCCCCCCCCCCCC)CCC(=O)OCCCCCCCCCCCC)cc1)C(C)C,M1597,CC(C)Nc1ccc(CN)cc1,O16,C=CC(=O)OCCCCCCCCCCCCCCCC,O12,C=CC(=O)OCCCCCCCCCCCC,O12,C=CC(=O)OCCCCCCCCCCCC,,,PRIMARY_SECONDARY,3.0,ARCH_HEAD_3_TAILS,AZA_MICHAEL_ADDITION
LNPhub_3V00000156,CCCCCCCCCCCCCCCOC(=O)CCN(CCC(=O)OCCCCCCCCCCCCCCC)c1cc(Cl)nc(N(CCC(=O)OCCCCCCCCC)CCC(=O)OCCCCCCCCC)n1,M1264,Nc1cc(Cl)nc(N)n1,O15,C=CC(=O)OCCCCCCCCCCCCCCC,O15,C=CC(=O)OCCCCCCCCCCCCCCC,O9,C=CC(=O)OCCCCCCCCC,O9,C=CC(=O)OCCCCCCCCC,PRIMARY_PRIMARY,4.0,ARCH_HEAD_4_TAILS,AZA_MICHAEL_ADDITION
LNPhub_3V00000157,CCCCCCOC(=O)CCN(CCC(=O)OCCCCCC)CCN1CCN(CCC(=O)OCCCCC)CC1c1nccn1C,M1455,Cn1ccnc1C1CNCCN1CCN,O5,C=CC(=O)OCCCCC,O6,C=CC(=O)OCCCCCC,O6,C=CC(=O)OCCCCCC,,,PRIMARY_SECONDARY,3.0,ARCH_HEAD_3_TAILS,AZA_MICHAEL_ADDITION
LNPhub_3V00000158,CCCCCCCCCCCOC(=O)CCN(CCC(=O)OCCCCCCCCCCC)CCN(CCC(=O)OCCCCCCCCCC)c1cccc(C)n1,M398,Cc1cccc(NCCN)n1,O10,C=CC(=O)OCCCCCCCCCC,O11,C=CC(=O)OCCCCCCCCCCC,O11,C=CC(=O)OCCCCCCCCCCC,,,PRIMARY_SECONDARY,3.0,ARCH_HEAD_3_TAILS,AZA_MICHAEL_ADDITION
LNPhub_3V00000159,CCCCCCCCCCCCCCCCCOC(=O)CCN1CCC(c2nccc(N(CCC(=O)OCCCCCCCCCCCC)CCC(=O)OCCCCCCCCCCCC)n2)CC1,M371,Nc1ccnc(C2CCNCC2)n1,O12,C=CC(=O)OCCCCCCCCCCCC,O12,C=CC(=O)OCCCCCCCCCCCC,O17,C=CC(=O)OCCCCCCCCCCCCCCCCC,,,PRIMARY_SECONDARY,3.0,ARCH_HEAD_3_TAILS,AZA_MICHAEL_ADDITION
LNPhub_3V00000160,CCCCCCCOC(=O)CCN(CCCn1ccnc1)c1ccccc1N(CCC(=O)OCCCCC)CCC(=O)OCCCCC,M1365,Nc1ccccc1NCCCn1ccnc1,O5,C=CC(=O)OCCCCC,O5,C=CC(=O)OCCCCC,O7,C=CC(=O)OCCCCCCC,,,PRIMARY_SECONDARY,3.0,ARCH_HEAD_3_TAILS,AZA_MICHAEL_ADDITION
LNPhub_3V00000161,CCCCCCCCCCCCCCCCOC(=O)CCN(CCC(=O)OCCCCCCCCCCCCCCCC)CCN(CCC(=O)OCCCCC)c1ncnc(CC)c1F,M1563,CCc1ncnc(NCCN)c1F,O5,C=CC(=O)OCCCCC,O16,C=CC(=O)OCCCCCCCCCCCCCCCC,O16,C=CC(=O)OCCCCCCCCCCCCCCCC,,,PRIMARY_SECONDARY,3.0,ARCH_HEAD_3_TAILS,AZA_MICHAEL_ADDITION
LNPhub_3V00000162,CCCCCCCCCCCCCCCCCCOC(=O)CCN(CCC(=O)OCCCCCCCCCCCCCCCCCC)C(C)C(=O)NCCN(CCC(=O)OCCCCCCCCCCC)CCC(=O)OCCCCCCCCCCC,M2020,CC(N)C(=O)NCCN,O18,C=CC(=O)OCCCCCCCCCCCCCCCCCC,O18,C=CC(=O)OCCCCCCCCCCCCCCCCCC,O11,C=CC(=O)OCCCCCCCCCCC,O11,C=CC(=O)OCCCCCCCCCCC,PRIMARY_PRIMARY,4.0,ARCH_HEAD_4_TAILS,AZA_MICHAEL_ADDITION
LNPhub_3V00000163,CCCCCCCCCCCCCCCCCCCOC(=O)CCN(CCC(=O)OCCCCCCCCCCCCCCCCCCC)c1cccc(-c2csc(N(CCC(=O)OCCCCCCCCCCCCCCCCC)CCC(=O)OCCCCCCCCCCCCCCCCC)n2)c1,M117,Nc1cccc(-c2csc(N)n2)c1,O19,C=CC(=O)OCCCCCCCCCCCCCCCCCCC,O19,C=CC(=O)OCCCCCCCCCCCCCCCCCCC,O17,C=CC(=O)OCCCCCCCCCCCCCCCCC,O17,C=CC(=O)OCCCCCCCCCCCCCCCCC,PRIMARY_PRIMARY,4.0,ARCH_HEAD_4_TAILS,AZA_MICHAEL_ADDITION
LNPhub_3V00000164,CCCCCCCCCCCCCCCOC(=O)CCN(CCC(=O)OCCCCCCCCCCCCCCC)c1ncncc1N(CCC(=O)OCCCCCCCCCCCCCC)CCC(=O)OCCCCCCCCCCCCCC,M383,Nc1cncnc1N,O14,C=CC(=O)OCCCCCCCCCCCCCC,O14,C=CC(=O)OCCCCCCCCCCCCCC,O15,C=CC(=O)OCCCCCCCCCCCCCCC,O15,C=CC(=O)OCCCCCCCCCCCCCCC,PRIMARY_PRIMARY,4.0,ARCH_HEAD_4_TAILS,AZA_MICHAEL_ADDITION
LNPhub_3V00000165,CCCCCCCCCCCCCCCCCCCOC(=O)CCN(CCC(=O)OCCCCCCCCCCCCCCCCCCC)c1nc(N(CCC(=O)OCCCCCCC)CCC(=O)OCCCCCCC)ncc1Br,M2248,Nc1ncc(Br)c(N)n1,O7,C=CC(=O)OCCCCCCC,O7,C=CC(=O)OCCCCCCC,O19,C=CC(=O)OCCCCCCCCCCCCCCCCCCC,O19,C=CC(=O)OCCCCCCCCCCCCCCCCCCC,PRIMARY_PRIMARY,4.0,ARCH_HEAD_4_TAILS,AZA_MICHAEL_ADDITION
LNPhub_3V00000166,CCCCCCCCCCCCCOC(=O)CCN(CCC(=O)OCCCCCCCCCCCCC)[C@H](C)c1ccc(N(CCC(=O)OCCCCCC)CCC(=O)OCCCCCC)nc1C,M1893,Cc1nc(N)ccc1[C@@H](C)N,O6,C=CC(=O)OCCCCCC,O6,C=CC(=O)OCCCCCC,O13,C=CC(=O)OCCCCCCCCCCCCC,O13,C=CC(=O)OCCCCCCCCCCCCC,PRIMARY_PRIMARY,4.0,ARCH_HEAD_4_TAILS,AZA_MICHAEL_ADDITION
LNPhub_3V00000167,CCCCCCCCCCCCCCCCCCCOC(=O)CCN(CCC(=O)OCCCCCCCCCCCCCCCCCCC)c1nc(OCC)ccc1N(CCC(=O)OCCCCCCCCCCC)CCC(=O)OCCCCCCCCCCC,M617,CCOc1ccc(N)c(N)n1,O11,C=CC(=O)OCCCCCCCCCCC,O11,C=CC(=O)OCCCCCCCCCCC,O19,C=CC(=O)OCCCCCCCCCCCCCCCCCCC,O19,C=CC(=O)OCCCCCCCCCCCCCCCCCCC,PRIMARY_PRIMARY,4.0,ARCH_HEAD_4_TAILS,AZA_MICHAEL_ADDITION
LNPhub_3V00000168,CCCCCCCCCCCCCCCOC(=O)CCN(Cc1ccco1)c1c(N(CCC(=O)OCCCCCCCCCCCCC)CCC(=O)OCCCCCCCCCCCCC)n(CCCC)c(=O)[nH]c1=O,M126,CCCCn1c(N)c(NCc2ccco2)c(=O)[nH]c1=O,O13,C=CC(=O)OCCCCCCCCCCCCC,O13,C=CC(=O)OCCCCCCCCCCCCC,O15,C=CC(=O)OCCCCCCCCCCCCCCC,,,PRIMARY_SECONDARY,3.0,ARCH_HEAD_3_TAILS,AZA_MICHAEL_ADDITION
LNPhub_3V00000169,CCCCCCCCCCCOC(=O)CCN(CCC(=O)OCCCCCCCCCCC)C[C@H]1CO[C@@H]2[C@@H](CN(CCC(=O)OCCCCC)CCC(=O)OCCCCC)CO[C@H]12,M1512,NC[C@H]1CO[C@@H]2[C@@H](CN)CO[C@H]12,O5,C=CC(=O)OCCCCC,O5,C=CC(=O)OCCCCC,O11,C=CC(=O)OCCCCCCCCCCC,O11,C=CC(=O)OCCCCCCCCCCC,PRIMARY_PRIMARY,4.0,ARCH_HEAD_4_TAILS,AZA_MICHAEL_ADDITION
LNPhub_3V00000170,CCCCCCCCCCCCCCCCCOC(=O)CCN(CCC(=O)OCCCCCCCCCCCCCCCCC)c1cccc(OCCN(CCC(=O)OCCCCCCCCCCCCCC)C2=CC(=O)N(C3CCC(=O)NC3=O)C2=O)c1,M100,Nc1cccc(OCCNC2=CC(=O)N(C3CCC(=O)NC3=O)C2=O)c1,O17,C=CC(=O)OCCCCCCCCCCCCCCCCC,O17,C=CC(=O)OCCCCCCCCCCCCCCCCC,O14,C=CC(=O)OCCCCCCCCCCCCCC,,,PRIMARY_SECONDARY,3.0,ARCH_HEAD_3_TAILS,AZA_MICHAEL_ADDITION
LNPhub_3V00000171,CCCCCCCCCCCCCCCCCCCCCOC(=O)CCN1CC(c2ccnc(N(CCC(=O)OCCCCCCCCCCCCCCCCCCCCC)CCC(=O)OCCCCCCCCCCCCCCCCCCCCC)n2)C1,M843,Nc1nccc(C2CNC2)n1,O21,C=CC(=O)OCCCCCCCCCCCCCCCCCCCCC,O21,C=CC(=O)OCCCCCCCCCCCCCCCCCCCCC,O21,C=CC(=O)OCCCCCCCCCCCCCCCCCCCCC,,,PRIMARY_SECONDARY,3.0,ARCH_HEAD_3_TAILS,AZA_MICHAEL_ADDITION
LNPhub_3V00000172,CCCCCCCCCCCCCCCCCCCCOC(=O)CCN(c1ccc(OC)cc1)c1ccccc1N(CCC(=O)OCCCCCCCCCCCCCCCCCCC)CCC(=O)OCCCCCCCCCCCCCCCCCCC,M274,COc1ccc(Nc2ccccc2N)cc1,O20,C=CC(=O)OCCCCCCCCCCCCCCCCCCCC,O19,C=CC(=O)OCCCCCCCCCCCCCCCCCCC,O19,C=CC(=O)OCCCCCCCCCCCCCCCCCCC,,,PRIMARY_SECONDARY,3.0,ARCH_HEAD_3_TAILS,AZA_MICHAEL_ADDITION
LNPhub_3V00000173,CCCCCCCCCCCCCCCCOC(=O)CCN(CCC(=O)OCCCCCCCCCCCCCCCC)c1ccc(Cl)cc1CN(CCC(=O)OCCCCCCCCCCCCC)CCC(=O)OCCCCCCCCCCCCC,M1778,NCc1cc(Cl)ccc1N,O13,C=CC(=O)OCCCCCCCCCCCCC,O13,C=CC(=O)OCCCCCCCCCCCCC,O16,C=CC(=O)OCCCCCCCCCCCCCCCC,O16,C=CC(=O)OCCCCCCCCCCCCCCCC,PRIMARY_PRIMARY,4.0,ARCH_HEAD_4_TAILS,AZA_MICHAEL_ADDITION
LNPhub_3V00000174,CCCCCCCCCCCCCOC(=O)CCN(CCC(=O)OCCCCCCCCCCCCC)C[C@H](CCSC)N(CCC(=O)OCCCCCCCCCC)CCC(=O)OCCCCCCCCCC,M1509,CSCC[C@H](N)CN,O10,C=CC(=O)OCCCCCCCCCC,O10,C=CC(=O)OCCCCCCCCCC,O13,C=CC(=O)OCCCCCCCCCCCCC,O13,C=CC(=O)OCCCCCCCCCCCCC,PRIMARY_PRIMARY,4.0,ARCH_HEAD_4_TAILS,AZA_MICHAEL_ADDITION
LNPhub_3V00000175,CCCCCCCCCCCCCCCCCCCCCCOC(=O)CCN(CCN(CCC(=O)OCCCCCCCCCCCCCCCCCC)CCC(=O)OCCCCCCCCCCCCCCCCCC)c1ccc2ccccc2n1,M501,NCCNc1ccc2ccccc2n1,O18,C=CC(=O)OCCCCCCCCCCCCCCCCCC,O18,C=CC(=O)OCCCCCCCCCCCCCCCCCC,O22,C=CC(=O)OCCCCCCCCCCCCCCCCCCCCCC,,,PRIMARY_SECONDARY,3.0,ARCH_HEAD_3_TAILS,AZA_MICHAEL_ADDITION
LNPhub_3V00000176,CCCCCCCCCCCCCCCCCCCCCOC(=O)CCN(CCC(=O)OCCCCCCCCCCCCCCCCCCCCC)C1CC(N(CCC(=O)OCCCCCCCCCCCCCCCC)c2ccccc2)C1,M678,NC1CC(Nc2ccccc2)C1,O21,C=CC(=O)OCCCCCCCCCCCCCCCCCCCCC,O21,C=CC(=O)OCCCCCCCCCCCCCCCCCCCCC,O16,C=CC(=O)OCCCCCCCCCCCCCCCC,,,PRIMARY_SECONDARY,3.0,ARCH_HEAD_3_TAILS,AZA_MICHAEL_ADDITION
LNPhub_3V00000177,CCCCCCCCCCCCCCCCCCOC(=O)CCN1CCc2sc(C(=O)NN(CCC(=O)OCCCCCCCCCCC)CCC(=O)OCCCCCCCCCCC)cc2C1,M1902,NNC(=O)c1cc2c(s1)CCNC2,O11,C=CC(=O)OCCCCCCCCCCC,O11,C=CC(=O)OCCCCCCCCCCC,O18,C=CC(=O)OCCCCCCCCCCCCCCCCCC,,,PRIMARY_SECONDARY,3.0,ARCH_HEAD_3_TAILS,AZA_MICHAEL_ADDITION
LNPhub_3V00000178,CCCCCCCCCCCCCCCOC(=O)CCN(CCC(=O)OCCCCCCCCCCCCCCC)c1ccc(N2CCN(CCC(=O)OCCCCCCCC)CC2=O)cn1,M1429,Nc1ccc(N2CCNCC2=O)cn1,O15,C=CC(=O)OCCCCCCCCCCCCCCC,O15,C=CC(=O)OCCCCCCCCCCCCCCC,O8,C=CC(=O)OCCCCCCCC,,,PRIMARY_SECONDARY,3.0,ARCH_HEAD_3_TAILS,AZA_MICHAEL_ADDITION
LNPhub_3V00000179,CCCCCCCCCCCCCCCCCCCCCCOC(=O)CCN(CCC(=O)OCCCCCCCCCCCCCCCCCCCCCC)Cc1ccc2c(c1)CCN(CCC(=O)OCCCCCCCCCCC)C2,M1804,NCc1ccc2c(c1)CCNC2,O22,C=CC(=O)OCCCCCCCCCCCCCCCCCCCCCC,O22,C=CC(=O)OCCCCCCCCCCCCCCCCCCCCCC,O11,C=CC(=O)OCCCCCCCCCCC,,,PRIMARY_SECONDARY,3.0,ARCH_HEAD_3_TAILS,AZA_MICHAEL_ADDITION
LNPhub_3V00000180,CCCCCCCCCCCCCCCCCCCCOC(=O)CCN(CCC(=O)OCCCCCCCCCCCCCCCCCCCC)C(C)(C)C(=O)N1CCN(CCC(=O)OCCCCCCCCC)CC1,M1817,CC(C)(N)C(=O)N1CCNCC1,O20,C=CC(=O)OCCCCCCCCCCCCCCCCCCCC,O20,C=CC(=O)OCCCCCCCCCCCCCCCCCCCC,O9,C=CC(=O)OCCCCCCCCC,,,PRIMARY_SECONDARY,3.0,ARCH_HEAD_3_TAILS,AZA_MICHAEL_ADDITION
LNPhub_3V00000181,CCCCCCCCCCCCCCCOC(=O)CCN(CCC(=O)OCCCCCCCCCCCCCCC)c1cccc(OC2CCN(CCC(=O)OCCCCCCCCCCC)CC2)c1,M923,Nc1cccc(OC2CCNCC2)c1,O15,C=CC(=O)OCCCCCCCCCCCCCCC,O15,C=CC(=O)OCCCCCCCCCCCCCCC,O11,C=CC(=O)OCCCCCCCCCCC,,,PRIMARY_SECONDARY,3.0,ARCH_HEAD_3_TAILS,AZA_MICHAEL_ADDITION
LNPhub_3V00000182,CCCCCCCCCCCCCCCCCOC(=O)CCN(CCC(=O)OCCCCCCCCCCCCCCCCC)c1ncccc1CN(CCC(=O)OCCCCCCCCCCCCCCCC)CCC(=O)OCCCCCCCCCCCCCCCC,M1706,NCc1cccnc1N,O16,C=CC(=O)OCCCCCCCCCCCCCCCC,O16,C=CC(=O)OCCCCCCCCCCCCCCCC,O17,C=CC(=O)OCCCCCCCCCCCCCCCCC,O17,C=CC(=O)OCCCCCCCCCCCCCCCCC,PRIMARY_PRIMARY,4.0,ARCH_HEAD_4_TAILS,AZA_MICHAEL_ADDITION
LNPhub_3V00000183,CCCCCCCCCCCCCCCCCCCCOC(=O)CCN(CCC(=O)OCCCCCCCCCCCCCCCCCCCC)c1ccc(S(=O)(=O)NCCN(CCC(=O)OCCCCCCCCCCCCCCCCC)CCC(=O)OCCCCCCCCCCCCCCCCC)cc1,M1303,NCCNS(=O)(=O)c1ccc(N)cc1,O17,C=CC(=O)OCCCCCCCCCCCCCCCCC,O17,C=CC(=O)OCCCCCCCCCCCCCCCCC,O20,C=CC(=O)OCCCCCCCCCCCCCCCCCCCC,O20,C=CC(=O)OCCCCCCCCCCCCCCCCCCCC,PRIMARY_PRIMARY,4.0,ARCH_HEAD_4_TAILS,AZA_MICHAEL_ADDITION
LNPhub_3V00000184,CCCCCCCCCCCCCCCCCCCCCCOC(=O)CCN(CCC(=O)OCCCCCCCCCCCCCCCCCCCCCC)c1ccnc(C2CCCN2CCC(=O)OCCCCCCCC)n1,M772,Nc1ccnc(C2CCCN2)n1,O22,C=CC(=O)OCCCCCCCCCCCCCCCCCCCCCC,O22,C=CC(=O)OCCCCCCCCCCCCCCCCCCCCCC,O8,C=CC(=O)OCCCCCCCC,,,PRIMARY_SECONDARY,3.0,ARCH_HEAD_3_TAILS,AZA_MICHAEL_ADDITION
LNPhub_3V00000185,CCCCCCCCCCCCOC(=O)CCN(CCC(=O)OCCCCCCCCCCCC)c1nc(O)cc(C2CN(CCC(=O)OCCCCCC)C2)n1,M1934,Nc1nc(O)cc(C2CNC2)n1,O12,C=CC(=O)OCCCCCCCCCCCC,O12,C=CC(=O)OCCCCCCCCCCCC,O6,C=CC(=O)OCCCCCC,,,PRIMARY_SECONDARY,3.0,ARCH_HEAD_3_TAILS,AZA_MICHAEL_ADDITION
LNPhub_3V00000186,CCCCCCCCCCCCCCCCCCCOC(=O)CCN1CCC(N(CCC(=O)OCCCCCCCCCCCCCC)CCC(=O)OCCCCCCCCCCCCCC)c2cc(Cl)ccc21,M238,NC1CCNc2ccc(Cl)cc21,O14,C=CC(=O)OCCCCCCCCCCCCCC,O14,C=CC(=O)OCCCCCCCCCCCCCC,O19,C=CC(=O)OCCCCCCCCCCCCCCCCCCC,,,PRIMARY_SECONDARY,3.0,ARCH_HEAD_3_TAILS,AZA_MICHAEL_ADDITION
LNPhub_3V00000187,CCCCCCCCCCCCCCCCCCOC(=O)CCN(CCC(=O)OCCCCCCCCCCCCCCCCCC)c1cccc2c(N(CCC(=O)OCCCCCCCCCCCCCCCC)CCC(=O)OCCCCCCCCCCCCCCCC)cccc12,M709,Nc1cccc2c(N)cccc12,O16,C=CC(=O)OCCCCCCCCCCCCCCCC,O16,C=CC(=O)OCCCCCCCCCCCCCCCC,O18,C=CC(=O)OCCCCCCCCCCCCCCCCCC,O18,C=CC(=O)OCCCCCCCCCCCCCCCCCC,PRIMARY_PRIMARY,4.0,ARCH_HEAD_4_TAILS,AZA_MICHAEL_ADDITION
LNPhub_3V00000188,CCCCCCCCCCCCCCCCOC(=O)CCN(CCC)c1cc(F)ccc1N(CCC(=O)OCCCCCCCCC)CCC(=O)OCCCCCCCCC,M2198,CCCNc1cc(F)ccc1N,O16,C=CC(=O)OCCCCCCCCCCCCCCCC,O9,C=CC(=O)OCCCCCCCCC,O9,C=CC(=O)OCCCCCCCCC,,,PRIMARY_SECONDARY,3.0,ARCH_HEAD_3_TAILS,AZA_MICHAEL_ADDITION
LNPhub_3V00000189,CCCCCCCCCCCCCCCCCCCCCOC(=O)CCN(CCC(=O)OCCCCCCCCCCCCCCCCCCCCC)C[C@@H]1C[C@H](C)CCN1CCC(=O)OCCCCCCCCCC,M1703,C[C@@H]1CCN[C@H](CN)C1,O10,C=CC(=O)OCCCCCCCCCC,O21,C=CC(=O)OCCCCCCCCCCCCCCCCCCCCC,O21,C=CC(=O)OCCCCCCCCCCCCCCCCCCCCC,,,PRIMARY_SECONDARY,3.0,ARCH_HEAD_3_TAILS,AZA_MICHAEL_ADDITION
LNPhub_3V00000190,CCCCCCCCCCCCCCCCCCCCOC(=O)CCN1CCCCC1Cn1cc(N(CCC(=O)OCCCCCCCCCCCCCCCCCCC)CCC(=O)OCCCCCCCCCCCCCCCCCCC)cn1,M1749,Nc1cnn(CC2CCCCN2)c1,O19,C=CC(=O)OCCCCCCCCCCCCCCCCCCC,O19,C=CC(=O)OCCCCCCCCCCCCCCCCCCC,O20,C=CC(=O)OCCCCCCCCCCCCCCCCCCCC,,,PRIMARY_SECONDARY,3.0,ARCH_HEAD_3_TAILS,AZA_MICHAEL_ADDITION
LNPhub_3V00000191,CCCCCCCCCCCCCOC(=O)CCN(CCC(=O)OCCCCCCCCCCCCC)c1ccnc(Cl)c1N(C)CCC(=O)OCCCCCCCCCCCC,M789,CNc1c(N)ccnc1Cl,O12,C=CC(=O)OCCCCCCCCCCCC,O13,C=CC(=O)OCCCCCCCCCCCCC,O13,C=CC(=O)OCCCCCCCCCCCCC,,,PRIMARY_SECONDARY,3.0,ARCH_HEAD_3_TAILS,AZA_MICHAEL_ADDITION
LNPhub_3V00000192,CCCCCCCCCCCCCCCCCCCCOC(=O)CCN(CCC(=O)OCCCCCCCCCCCCCCCCCCCC)c1ccc2cccc(N(CCC(=O)OCCCCCCCCCCCCCCCC)CCC(=O)OCCCCCCCCCCCCCCCC)c2c1,M1518,Nc1ccc2cccc(N)c2c1,O20,C=CC(=O)OCCCCCCCCCCCCCCCCCCCC,O20,C=CC(=O)OCCCCCCCCCCCCCCCCCCCC,O16,C=CC(=O)OCCCCCCCCCCCCCCCC,O16,C=CC(=O)OCCCCCCCCCCCCCCCC,PRIMARY_PRIMARY,4.0,ARCH_HEAD_4_TAILS,AZA_MICHAEL_ADDITION
LNPhub_3V00000193,CCCCCCCCCCCCCCCCCCCCCOC(=O)CCN(C)c1cccc(Br)c1N(CCC(=O)OCCCCCCCCCCCCCCC)CCC(=O)OCCCCCCCCCCCCCCC,M330,CNc1cccc(Br)c1N,O21,C=CC(=O)OCCCCCCCCCCCCCCCCCCCCC,O15,C=CC(=O)OCCCCCCCCCCCCCCC,O15,C=CC(=O)OCCCCCCCCCCCCCCC,,,PRIMARY_SECONDARY,3.0,ARCH_HEAD_3_TAILS,AZA_MICHAEL_ADDITION
LNPhub_3V00000194,CCCCCCCCCCCCCCOC(=O)CCN(CCC(=O)OCCCCCCCCCCCCCC)c1cn[nH]c1C1CCN(CCC(=O)OCCCCCCCC)C1,M757,Nc1cn[nH]c1C1CCNC1,O14,C=CC(=O)OCCCCCCCCCCCCCC,O14,C=CC(=O)OCCCCCCCCCCCCCC,O8,C=CC(=O)OCCCCCCCC,,,PRIMARY_SECONDARY,3.0,ARCH_HEAD_3_TAILS,AZA_MICHAEL_ADDITION
LNPhub_3V00000195,CCCCCCCCCCCCCCCCCCCCCOC(=O)CCN(CCC(=O)OCCCCCCCCCCCCCCCCCCCCC)C1CC(C)(C)N(CCC(=O)OCCCCCCCCC)C(C)(C)C1,M1146,CC1(C)CC(N)CC(C)(C)N1,O21,C=CC(=O)OCCCCCCCCCCCCCCCCCCCCC,O21,C=CC(=O)OCCCCCCCCCCCCCCCCCCCCC,O9,C=CC(=O)OCCCCCCCCC,,,PRIMARY_SECONDARY,3.0,ARCH_HEAD_3_TAILS,AZA_MICHAEL_ADDITION
LNPhub_3V00000196,CCCCCCCCCCCCCCCCCOC(=O)CCN(CCOCCN(CCC(=O)OCCCCCCCCCCC)c1cccc2c1C(=O)N(C1CCC(=O)NC1=O)C2=O)CCC(=O)OCCCCCCCCCCCCCCCCC,M2125,NCCOCCNc1cccc2c1C(=O)N(C1CCC(=O)NC1=O)C2=O,O17,C=CC(=O)OCCCCCCCCCCCCCCCCC,O17,C=CC(=O)OCCCCCCCCCCCCCCCCC,O11,C=CC(=O)OCCCCCCCCCCC,,,PRIMARY_SECONDARY,3.0,ARCH_HEAD_3_TAILS,AZA_MICHAEL_ADDITION
LNPhub_3V00000197,CCCCCCCCCCCCCOC(=O)CCN(CCC(=O)OCCCCCCCCCCCCC)c1c(N(CCC(=O)OCCCCCCCCC)CCC(=O)OCCCCCCCCC)ccc2c1CCCC2,M332,Nc1ccc2c(c1N)CCCC2,O9,C=CC(=O)OCCCCCCCCC,O9,C=CC(=O)OCCCCCCCCC,O13,C=CC(=O)OCCCCCCCCCCCCC,O13,C=CC(=O)OCCCCCCCCCCCCC,PRIMARY_PRIMARY,4.0,ARCH_HEAD_4_TAILS,AZA_MICHAEL_ADDITION
LNPhub_3V00000198,CCCCCCCCCCCCCCCCCCCCCCOC(=O)CCN(CCCN(CCC(=O)OCCCCCCC)OC)CCC(=O)OCCCCCCCCCCCCCCCCCCCCCC,M614,CONCCCN,O7,C=CC(=O)OCCCCCCC,O22,C=CC(=O)OCCCCCCCCCCCCCCCCCCCCCC,O22,C=CC(=O)OCCCCCCCCCCCCCCCCCCCCCC,,,PRIMARY_SECONDARY,3.0,ARCH_HEAD_3_TAILS,AZA_MICHAEL_ADDITION
LNPhub_3V00000199,CCCCCCCCCCCCCCCOC(=O)CCN(CCC(=O)OCCCCCCCCCCCCCCC)c1cc2c(cc1N(CCC(=O)OCCCCCCCCCC)CCC(=O)OCCCCCCCCCC)C(=O)N(C1CCC(=O)NC1=O)C2=O,M1940,Nc1cc2c(cc1N)C(=O)N(C1CCC(=O)NC1=O)C2=O,O10,C=CC(=O)OCCCCCCCCCC,O10,C=CC(=O)OCCCCCCCCCC,O15,C=CC(=O)OCCCCCCCCCCCCCCC,O15,C=CC(=O)OCCCCCCCCCCCCCCC,PRIMARY_PRIMARY,4.0,ARCH_HEAD_4_TAILS,AZA_MICHAEL_ADDITION
LNPhub_3V00000200,CCCCCCCCCCCCCCCCCCOC(=O)CCN(CCC(=O)OCCCCCCCCCCCCCCCCCC)Cc1ncccc1N(CCC(=O)OCCCCCCCC)CCC(=O)OCCCCCCCC,M511,NCc1ncccc1N,O18,C=CC(=O)OCCCCCCCCCCCCCCCCCC,O18,C=CC(=O)OCCCCCCCCCCCCCCCCCC,O8,C=CC(=O)OCCCCCCCC,O8,C=CC(=O)OCCCCCCCC,PRIMARY_PRIMARY,4.0,ARCH_HEAD_4_TAILS,AZA_MICHAEL_ADDITION
LNPhub_3V00000201,CCCCCCCCCCCCCCCOC(=O)CCN(C)C1CC(N(CCC(=O)OCCCCCCCC)CCC(=O)OCCCCCCCC)C1,M2191,CNC1CC(N)C1,O15,C=CC(=O)OCCCCCCCCCCCCCCC,O8,C=CC(=O)OCCCCCCCC,O8,C=CC(=O)OCCCCCCCC,,,PRIMARY_SECONDARY,3.0,ARCH_HEAD_3_TAILS,AZA_MICHAEL_ADDITION
LNPhub_3V00000202,CCCCCCCCCCCCCCCCCCCCOC(=O)CCN(CCC(=O)OCCCCCCCCCCCCCCCCCCCC)Cc1nc(N(CCC(=O)OCCCCCCCCCCCCC)CCC(=O)OCCCCCCCCCCCCC)ccc1Cl,M209,NCc1nc(N)ccc1Cl,O20,C=CC(=O)OCCCCCCCCCCCCCCCCCCCC,O20,C=CC(=O)OCCCCCCCCCCCCCCCCCCCC,O13,C=CC(=O)OCCCCCCCCCCCCC,O13,C=CC(=O)OCCCCCCCCCCCCC,PRIMARY_PRIMARY,4.0,ARCH_HEAD_4_TAILS,AZA_MICHAEL_ADDITION
LNPhub_3V00000203,CCCCCCCCCCCOC(=O)CCN(CCc1ccc(F)cc1)c1nc2ccc(N(CCC(=O)OCCCCCCC)CCC(=O)OCCCCCCC)cc2o1,M447,Nc1ccc2nc(NCCc3ccc(F)cc3)oc2c1,O7,C=CC(=O)OCCCCCCC,O7,C=CC(=O)OCCCCCCC,O11,C=CC(=O)OCCCCCCCCCCC,,,PRIMARY_SECONDARY,3.0,ARCH_HEAD_3_TAILS,AZA_MICHAEL_ADDITION
LNPhub_3V00000204,CCCCCCCCCCCCOC(=O)CCN(c1ccc(CN(CCC(=O)OCCCCCCCCC)CCC(=O)OCCCCCCCCC)cc1)C(C)C,M1597,CC(C)Nc1ccc(CN)cc1,O12,C=CC(=O)OCCCCCCCCCCCC,O9,C=CC(=O)OCCCCCCCCC,O9,C=CC(=O)OCCCCCCCCC,,,PRIMARY_SECONDARY,3.0,ARCH_HEAD_3_TAILS,AZA_MICHAEL_ADDITION
LNPhub_3V00000205,CCCCCCCCCCCCCCOC(=O)CCN(CCC(=O)OCCCCCCCCCCCCCC)c1cnccc1N1CCN(CCC(=O)OCCCCCCCCC)CC1,M962,Nc1cnccc1N1CCNCC1,O14,C=CC(=O)OCCCCCCCCCCCCCC,O14,C=CC(=O)OCCCCCCCCCCCCCC,O9,C=CC(=O)OCCCCCCCCC,,,PRIMARY_SECONDARY,3.0,ARCH_HEAD_3_TAILS,AZA_MICHAEL_ADDITION
LNPhub_3V00000206,CCCCCCCCCCCCCCCCCCCCCCOC(=O)CCN(C)[C@H]1CC[C@H](CN(CCC(=O)OCCCCCCCCCCCCCCCCCCCC)CCC(=O)OCCCCCCCCCCCCCCCCCCCC)CC1,M1980,CN[C@H]1CC[C@H](CN)CC1,O22,C=CC(=O)OCCCCCCCCCCCCCCCCCCCCCC,O20,C=CC(=O)OCCCCCCCCCCCCCCCCCCCC,O20,C=CC(=O)OCCCCCCCCCCCCCCCCCCCC,,,PRIMARY_SECONDARY,3.0,ARCH_HEAD_3_TAILS,AZA_MICHAEL_ADDITION
LNPhub_3V00000207,CCCCCCCCCCCCCCCCCCCCCCOC(=O)CCN(CCC(=O)OCCCCCCCCCCCCCCCCCCCCCC)c1cc(C#N)ccc1N(CCC(=O)OCCCCCCCCCCCCC)C1CC1,M464,N#Cc1ccc(NC2CC2)c(N)c1,O13,C=CC(=O)OCCCCCCCCCCCCC,O22,C=CC(=O)OCCCCCCCCCCCCCCCCCCCCCC,O22,C=CC(=O)OCCCCCCCCCCCCCCCCCCCCCC,,,PRIMARY_SECONDARY,3.0,ARCH_HEAD_3_TAILS,AZA_MICHAEL_ADDITION
LNPhub_3V00000208,CCCCCCCCCCCCOC(=O)CCN(CCC(=O)OCCCCCCCCCCCC)c1cc([N+](=O)[O-])c(N(CCC(=O)OCCCCCCCCCC)CCC(=O)OCCCCCCCCCC)cc1OC,M1237,COc1cc(N)c([N+](=O)[O-])cc1N,O10,C=CC(=O)OCCCCCCCCCC,O10,C=CC(=O)OCCCCCCCCCC,O12,C=CC(=O)OCCCCCCCCCCCC,O12,C=CC(=O)OCCCCCCCCCCCC,PRIMARY_PRIMARY,4.0,ARCH_HEAD_4_TAILS,AZA_MICHAEL_ADDITION
LNPhub_3V00000209,CCCCCCCCCCCCCCCCCCCCCOC(=O)CCN(CCC(=O)OCCCCCCCCCCCCCCCCCCCCC)c1nnc(-c2ccccc2O)cc1N1CC2CCC(C1)N2c1ccnc(OCCN2CCN(CCC(=O)OCCCCCCCCCCCCCCCCC)CC2)c1,M1008,Nc1nnc(-c2ccccc2O)cc1N1CC2CCC(C1)N2c1ccnc(OCCN2CCNCC2)c1,O21,C=CC(=O)OCCCCCCCCCCCCCCCCCCCCC,O21,C=CC(=O)OCCCCCCCCCCCCCCCCCCCCC,O17,C=CC(=O)OCCCCCCCCCCCCCCCCC,,,PRIMARY_SECONDARY,3.0,ARCH_HEAD_3_TAILS,AZA_MICHAEL_ADDITION
LNPhub_3V00000210,CCCCCCCCCCCCCCCCCCCCOC(=O)CCN(CCCN(CCC(=O)OCCCCCCC)CCC(=O)OCCCCCCC)C1CCCCC1,M700,NCCCNC1CCCCC1,O7,C=CC(=O)OCCCCCCC,O7,C=CC(=O)OCCCCCCC,O20,C=CC(=O)OCCCCCCCCCCCCCCCCCCCC,,,PRIMARY_SECONDARY,3.0,ARCH_HEAD_3_TAILS,AZA_MICHAEL_ADDITION
LNPhub_3V00000211,CCCCCCCCCCOC(=O)CCN(CCC(=O)OCCCCCCCCCC)c1cc(N(CCC(=O)OCCCCCCCCC)CCC(=O)OCCCCCCCCC)ccc1C(=O)NC,M661,CNC(=O)c1ccc(N)cc1N,O9,C=CC(=O)OCCCCCCCCC,O9,C=CC(=O)OCCCCCCCCC,O10,C=CC(=O)OCCCCCCCCCC,O10,C=CC(=O)OCCCCCCCCCC,PRIMARY_PRIMARY,4.0,ARCH_HEAD_4_TAILS,AZA_MICHAEL_ADDITION
LNPhub_3V00000212,CCCCCCCCCCCCCCCCCOC(=O)CCN(CC(C)(C)N(CCC(=O)OCCCCCCCCCCCCCC)CCC(=O)OCCCCCCCCCCCCCC)c1ccccc1,M1678,CC(C)(N)CNc1ccccc1,O14,C=CC(=O)OCCCCCCCCCCCCCC,O14,C=CC(=O)OCCCCCCCCCCCCCC,O17,C=CC(=O)OCCCCCCCCCCCCCCCCC,,,PRIMARY_SECONDARY,3.0,ARCH_HEAD_3_TAILS,AZA_MICHAEL_ADDITION
LNPhub_3V00000213,CCCCCCCCCCCCCCCCCCCCCOC(=O)CCN(CCC(=O)OCCCCCCCCCCCCCCCCCCCCC)c1cc(C(N)=O)ccc1N(CCC(=O)OCCCCCCCCCCCCCCCCCCC)CCS(C)(=O)=O,M2253,CS(=O)(=O)CCNc1ccc(C(N)=O)cc1N,O19,C=CC(=O)OCCCCCCCCCCCCCCCCCCC,O21,C=CC(=O)OCCCCCCCCCCCCCCCCCCCCC,O21,C=CC(=O)OCCCCCCCCCCCCCCCCCCCCC,,,PRIMARY_SECONDARY,3.0,ARCH_HEAD_3_TAILS,AZA_MICHAEL_ADDITION
LNPhub_3V00000214,CCCCCCCCCCCCCCOC(=O)CCN(CCC(=O)OCCCCCCCCCCCCCC)CCN(CCCCCCCCCCCC)CCN(CCC(=O)OCCCCCCCCCCCCC)CCC(=O)OCCCCCCCCCCCCC,M49,CCCCCCCCCCCCN(CCN)CCN,O13,C=CC(=O)OCCCCCCCCCCCCC,O13,C=CC(=O)OCCCCCCCCCCCCC,O14,C=CC(=O)OCCCCCCCCCCCCCC,O14,C=CC(=O)OCCCCCCCCCCCCCC,PRIMARY_PRIMARY,4.0,ARCH_HEAD_4_TAILS,AZA_MICHAEL_ADDITION
LNPhub_3V00000215,CCCCCCCCCCCCCCCCCCCOC(=O)CCN1CC[C@H](N(CCC(=O)OCCCCCCCCCC)CCC(=O)OCCCCCCCCCC)C1,M56,N[C@H]1CCNC1,O10,C=CC(=O)OCCCCCCCCCC,O10,C=CC(=O)OCCCCCCCCCC,O19,C=CC(=O)OCCCCCCCCCCCCCCCCCCC,,,PRIMARY_SECONDARY,3.0,ARCH_HEAD_3_TAILS,AZA_MICHAEL_ADDITION
LNPhub_3V00000216,CCCCCCCCCCCCCCCCOC(=O)CCN(CCC(=O)OCCCCCCCCCCCCCCCC)c1ccncc1C(=O)NN(CCC(=O)OCCCCCCCCCCCC)CCC(=O)OCCCCCCCCCCCC,M823,NNC(=O)c1cnccc1N,O12,C=CC(=O)OCCCCCCCCCCCC,O12,C=CC(=O)OCCCCCCCCCCCC,O16,C=CC(=O)OCCCCCCCCCCCCCCCC,O16,C=CC(=O)OCCCCCCCCCCCCCCCC,PRIMARY_PRIMARY,4.0,ARCH_HEAD_4_TAILS,AZA_MICHAEL_ADDITION
LNPhub_3V00000217,CCCCCCCCCCCCCCCCOC(=O)CCN(CCC(=O)OCCCCCCCCCCCCCCCC)c1ncc(C(=O)NN(CCC(=O)OCCCCCCCCCC)CCC(=O)OCCCCCCCCCC)s1,M1832,NNC(=O)c1cnc(N)s1,O10,C=CC(=O)OCCCCCCCCCC,O10,C=CC(=O)OCCCCCCCCCC,O16,C=CC(=O)OCCCCCCCCCCCCCCCC,O16,C=CC(=O)OCCCCCCCCCCCCCCCC,PRIMARY_PRIMARY,4.0,ARCH_HEAD_4_TAILS,AZA_MICHAEL_ADDITION
LNPhub_3V00000218,CCCCCCCCCCCCCCCOC(=O)CCN(CCC(=O)OCCCCCCCCCCCCCCC)c1nc(N(CCC(=O)OCCCCCCCCC)CCC(=O)OCCCCCCCCC)sc1C#N,M1582,N#Cc1sc(N)nc1N,O9,C=CC(=O)OCCCCCCCCC,O9,C=CC(=O)OCCCCCCCCC,O15,C=CC(=O)OCCCCCCCCCCCCCCC,O15,C=CC(=O)OCCCCCCCCCCCCCCC,PRIMARY_PRIMARY,4.0,ARCH_HEAD_4_TAILS,AZA_MICHAEL_ADDITION
LNPhub_3V00000219,CCCCCCCCOC(=O)CCN(CCC(=O)OCCCCCCCC)c1nc(N(CCC(=O)OCCCCCC)CCC(=O)OCCCCCC)c(C#N)s1,M1582,N#Cc1sc(N)nc1N,O8,C=CC(=O)OCCCCCCCC,O8,C=CC(=O)OCCCCCCCC,O6,C=CC(=O)OCCCCCC,O6,C=CC(=O)OCCCCCC,PRIMARY_PRIMARY,4.0,ARCH_HEAD_4_TAILS,AZA_MICHAEL_ADDITION
LNPhub_3V00000220,CCCCCCCCCCCCCCCCCOC(=O)CCN(CCC(=O)OCCCCCCCCCCCCCCCCC)c1cccc2c1CCC2N(CCC(=O)OCCCCCCCCCCCCCCC)CCC(=O)OCCCCCCCCCCCCCCC,M1673,Nc1cccc2c1CCC2N,O17,C=CC(=O)OCCCCCCCCCCCCCCCCC,O17,C=CC(=O)OCCCCCCCCCCCCCCCCC,O15,C=CC(=O)OCCCCCCCCCCCCCCC,O15,C=CC(=O)OCCCCCCCCCCCCCCC,PRIMARY_PRIMARY,4.0,ARCH_HEAD_4_TAILS,AZA_MICHAEL_ADDITION
LNPhub_3V00000221,CCCCCCCCCCCCCOC(=O)CCN(c1nc(N(CCC(=O)OCCCCCCCCC)CCC(=O)OCCCCCCCCC)c2c(C#N)c(Br)n(C)c2n1)c1cnn(C)c1C,M1111,Cc1c(Nc2nc(N)c3c(C#N)c(Br)n(C)c3n2)cnn1C,O13,C=CC(=O)OCCCCCCCCCCCCC,O9,C=CC(=O)OCCCCCCCCC,O9,C=CC(=O)OCCCCCCCCC,,,PRIMARY_SECONDARY,3.0,ARCH_HEAD_3_TAILS,AZA_MICHAEL_ADDITION
LNPhub_3V00000222,CCCCCCCCCCCCCCCCCCOC(=O)CCN(C)C(CN(CCC(=O)OCCCCCCCCCCCCCCC)CCC(=O)OCCCCCCCCCCCCCCC)C1CC1,M2148,CNC(CN)C1CC1,O18,C=CC(=O)OCCCCCCCCCCCCCCCCCC,O15,C=CC(=O)OCCCCCCCCCCCCCCC,O15,C=CC(=O)OCCCCCCCCCCCCCCC,,,PRIMARY_SECONDARY,3.0,ARCH_HEAD_3_TAILS,AZA_MICHAEL_ADDITION
LNPhub_3V00000223,CCCCCCCCCCOC(=O)CCN(CCC(=O)OCCCCCCCCCC)c1cc(N(CCC(=O)OCCCCC)CCC(=O)OCCCCC)cc(C(C)(C)C)c1,M557,CC(C)(C)c1cc(N)cc(N)c1,O5,C=CC(=O)OCCCCC,O5,C=CC(=O)OCCCCC,O10,C=CC(=O)OCCCCCCCCCC,O10,C=CC(=O)OCCCCCCCCCC,PRIMARY_PRIMARY,4.0,ARCH_HEAD_4_TAILS,AZA_MICHAEL_ADDITION
LNPhub_3V00000224,CCCCCCCCCCCCCCOC(=O)CCN(CCC(=O)OCCCCCCCCCCCCCC)c1nc(C)c(C)nc1N(CCC(=O)OCCCCCCCCCCCCC)CCC(=O)OCCCCCCCCCCCCC,M2114,Cc1nc(N)c(N)nc1C,O13,C=CC(=O)OCCCCCCCCCCCCC,O13,C=CC(=O)OCCCCCCCCCCCCC,O14,C=CC(=O)OCCCCCCCCCCCCCC,O14,C=CC(=O)OCCCCCCCCCCCCCC,PRIMARY_PRIMARY,4.0,ARCH_HEAD_4_TAILS,AZA_MICHAEL_ADDITION
LNPhub_3V00000225,CCCCCCCCCCCCCCCCCCCCCCOC(=O)CCN(CCC(=O)OCCCCCCCCCCCCCCCCCCCCCC)C(CN(CCC(=O)OCCCCCCCCCCCCCCCCCCCCC)CCC(=O)OCCCCCCCCCCCCCCCCCCCCC)c1ccc(C)o1,M2224,Cc1ccc(C(N)CN)o1,O22,C=CC(=O)OCCCCCCCCCCCCCCCCCCCCCC,O22,C=CC(=O)OCCCCCCCCCCCCCCCCCCCCCC,O21,C=CC(=O)OCCCCCCCCCCCCCCCCCCCCC,O21,C=CC(=O)OCCCCCCCCCCCCCCCCCCCCC,PRIMARY_PRIMARY,4.0,ARCH_HEAD_4_TAILS,AZA_MICHAEL_ADDITION
LNPhub_3V00000226,CCCCCCCCCCCCCCCCOC(=O)CCN(CCC(=O)OCCCCCCCCCCCCCCCC)c1c(N(CCC(=O)OCCCCCCCCCCCCC)CCC(=O)OCCCCCCCCCCCCC)c(=O)c1=O,M1718,Nc1c(N)c(=O)c1=O,O13,C=CC(=O)OCCCCCCCCCCCCC,O13,C=CC(=O)OCCCCCCCCCCCCC,O16,C=CC(=O)OCCCCCCCCCCCCCCCC,O16,C=CC(=O)OCCCCCCCCCCCCCCCC,PRIMARY_PRIMARY,4.0,ARCH_HEAD_4_TAILS,AZA_MICHAEL_ADDITION
LNPhub_3V00000227,CCCCCCCCCCCCCCCCOC(=O)CCN(CCC(=O)OCCCCCCCCCCCCCCCC)C(C)(C)C(C)(C)N(CCC(=O)OCCCCCCCCCCCCCCCC)CCC(=O)OCCCCCCCCCCCCCCCC,M753,CC(C)(N)C(C)(C)N,O16,C=CC(=O)OCCCCCCCCCCCCCCCC,O16,C=CC(=O)OCCCCCCCCCCCCCCCC,O16,C=CC(=O)OCCCCCCCCCCCCCCCC,O16,C=CC(=O)OCCCCCCCCCCCCCCCC,PRIMARY_PRIMARY,4.0,ARCH_HEAD_4_TAILS,AZA_MICHAEL_ADDITION
LNPhub_3V00000228,CCCCCCCCCCCCCCCCCCCOC(=O)CCN1CCC1CN(CCC(=O)OCCCCCCC)CCC(=O)OCCCCCCC,M1021,NCC1CCN1,O7,C=CC(=O)OCCCCCCC,O7,C=CC(=O)OCCCCCCC,O19,C=CC(=O)OCCCCCCCCCCCCCCCCCCC,,,PRIMARY_SECONDARY,3.0,ARCH_HEAD_3_TAILS,AZA_MICHAEL_ADDITION
LNPhub_3V00000229,CCCCCCCCCCCCCCCCCOC(=O)CCN(CCCN(CCCCCCCC)CCC(=O)OCCCCCC)CCC(=O)OCCCCCCCCCCCCCCCCC,M242,CCCCCCCCNCCCN,O6,C=CC(=O)OCCCCCC,O17,C=CC(=O)OCCCCCCCCCCCCCCCCC,O17,C=CC(=O)OCCCCCCCCCCCCCCCCC,,,PRIMARY_SECONDARY,3.0,ARCH_HEAD_3_TAILS,AZA_MICHAEL_ADDITION
LNPhub_3V00000230,CCCCCCCCCCCCCCCCOC(=O)CCN(CCC(=O)OCCCCCCCCCCCCCCCC)c1nnc(N2CCN(CCC(=O)OCCCCCC)CC2)[nH]1,M1177,Nc1nnc(N2CCNCC2)[nH]1,O16,C=CC(=O)OCCCCCCCCCCCCCCCC,O16,C=CC(=O)OCCCCCCCCCCCCCCCC,O6,C=CC(=O)OCCCCCC,,,PRIMARY_SECONDARY,3.0,ARCH_HEAD_3_TAILS,AZA_MICHAEL_ADDITION
LNPhub_3V00000231,CCCCCCCCCCOC(=O)CCN(CCC(=O)OCCCCCCCCCC)CCN(CCC(=O)OCCCCCCC)CC(C)O,M731,CC(O)CNCCN,O7,C=CC(=O)OCCCCCCC,O10,C=CC(=O)OCCCCCCCCCC,O10,C=CC(=O)OCCCCCCCCCC,,,PRIMARY_SECONDARY,3.0,ARCH_HEAD_3_TAILS,AZA_MICHAEL_ADDITION
LNPhub_3V00000232,CCCCCCCCCCCCCCCOC(=O)CCN(CCC(=O)OCCCCCCCCCCCCCCC)c1ccc(C2CCCN2CCC(=O)OCCCCCC)nn1,M1388,Nc1ccc(C2CCCN2)nn1,O15,C=CC(=O)OCCCCCCCCCCCCCCC,O15,C=CC(=O)OCCCCCCCCCCCCCCC,O6,C=CC(=O)OCCCCCC,,,PRIMARY_SECONDARY,3.0,ARCH_HEAD_3_TAILS,AZA_MICHAEL_ADDITION
LNPhub_3V00000233,CCCCCCCCCCCCCCCCCOC(=O)CCN(CCC(=O)OCCCCCCCCCCCCCCCCC)CCn1cc(CN(CCC(=O)OCCCCCCCCCCCCCCCCC)CCC(=O)OCCCCCCCCCCCCCCCCC)nn1,M2271,NCCn1cc(CN)nn1,O17,C=CC(=O)OCCCCCCCCCCCCCCCCC,O17,C=CC(=O)OCCCCCCCCCCCCCCCCC,O17,C=CC(=O)OCCCCCCCCCCCCCCCCC,O17,C=CC(=O)OCCCCCCCCCCCCCCCCC,PRIMARY_PRIMARY,4.0,ARCH_HEAD_4_TAILS,AZA_MICHAEL_ADDITION
LNPhub_3V00000234,CCCCCCCCCOC(=O)CCN(CCC(=O)OCCCCCCCCC)CC1(O)CCN(CCC(=O)OCCCCCCC)CC1,M589,NCC1(O)CCNCC1,O9,C=CC(=O)OCCCCCCCCC,O9,C=CC(=O)OCCCCCCCCC,O7,C=CC(=O)OCCCCCCC,,,PRIMARY_SECONDARY,3.0,ARCH_HEAD_3_TAILS,AZA_MICHAEL_ADDITION
LNPhub_3V00000235,CCCCCCCCCCCCCCCCCCCCOC(=O)CCN1CCCC1c1cc(O)nc(N(CCC(=O)OCCCCCCCCCCCCCCCCC)CCC(=O)OCCCCCCCCCCCCCCCCC)n1,M1865,Nc1nc(O)cc(C2CCCN2)n1,O17,C=CC(=O)OCCCCCCCCCCCCCCCCC,O17,C=CC(=O)OCCCCCCCCCCCCCCCCC,O20,C=CC(=O)OCCCCCCCCCCCCCCCCCCCC,,,PRIMARY_SECONDARY,3.0,ARCH_HEAD_3_TAILS,AZA_MICHAEL_ADDITION
LNPhub_3V00000236,CCCCCCCCCCCCCCCCCCCCCCOC(=O)CCN(CCC(=O)OCCCCCCCCCCCCCCCCCCCCCC)c1cnc2nc(N(CCC(=O)OCCCCCCCC)CCC(=O)OCCCCCCCC)nc(O)c2c1,M523,Nc1cnc2nc(N)nc(O)c2c1,O22,C=CC(=O)OCCCCCCCCCCCCCCCCCCCCCC,O22,C=CC(=O)OCCCCCCCCCCCCCCCCCCCCCC,O8,C=CC(=O)OCCCCCCCC,O8,C=CC(=O)OCCCCCCCC,PRIMARY_PRIMARY,4.0,ARCH_HEAD_4_TAILS,AZA_MICHAEL_ADDITION
LNPhub_3V00000237,CCCCCCCCCCCCCCCOC(=O)CCN(CCC(=O)OCCCCCCCCCCCCCCC)[C@@H]1CN(CCC(=O)OCCCCCCCCCCCCCC)CC[C@H]1O,M1247,N[C@@H]1CNCC[C@H]1O,O15,C=CC(=O)OCCCCCCCCCCCCCCC,O15,C=CC(=O)OCCCCCCCCCCCCCCC,O14,C=CC(=O)OCCCCCCCCCCCCCC,,,PRIMARY_SECONDARY,3.0,ARCH_HEAD_3_TAILS,AZA_MICHAEL_ADDITION
LNPhub_3V00000238,CCCCCCCCCCCCCCCCCCCCCOC(=O)CCN(CCC(=O)OCCCCCCCCCCCCCCCCCCCCC)c1nc(CN(CCC(=O)OCCCCCCCCCC)CCC(=O)OCCCCCCCCCC)c(Br)c(=O)[nH]1,M1035,NCc1nc(N)[nH]c(=O)c1Br,O10,C=CC(=O)OCCCCCCCCCC,O10,C=CC(=O)OCCCCCCCCCC,O21,C=CC(=O)OCCCCCCCCCCCCCCCCCCCCC,O21,C=CC(=O)OCCCCCCCCCCCCCCCCCCCCC,PRIMARY_PRIMARY,4.0,ARCH_HEAD_4_TAILS,AZA_MICHAEL_ADDITION
LNPhub_3V00000239,CCCCCCCCCCCCCCCCCCCCCCOC(=O)CCN(CCC(=O)OCCCCCCCCCCCCCCCCCCCCCC)c1cc(S(=O)(=O)NC)ccc1N(CCC(=O)OCCCCCCCCCCC)CCC(=O)OCCCCCCCCCCC,M848,CNS(=O)(=O)c1ccc(N)c(N)c1,O11,C=CC(=O)OCCCCCCCCCCC,O11,C=CC(=O)OCCCCCCCCCCC,O22,C=CC(=O)OCCCCCCCCCCCCCCCCCCCCCC,O22,C=CC(=O)OCCCCCCCCCCCCCCCCCCCCCC,PRIMARY_PRIMARY,4.0,ARCH_HEAD_4_TAILS,AZA_MICHAEL_ADDITION
LNPhub_3V00000240,CCCCCCCCCCCCCCCCCOC(=O)CCN1[C@H](CN(CCC(=O)OCCCCCCCCCCC)CCC(=O)OCCCCCCCCCCC)C[C@@H]2CCCC[C@@H]21,M1503,NC[C@@H]1C[C@@H]2CCCC[C@@H]2N1,O11,C=CC(=O)OCCCCCCCCCCC,O11,C=CC(=O)OCCCCCCCCCCC,O17,C=CC(=O)OCCCCCCCCCCCCCCCCC,,,PRIMARY_SECONDARY,3.0,ARCH_HEAD_3_TAILS,AZA_MICHAEL_ADDITION
LNPhub_3V00000241,CCCCCCCCCCCCCOC(=O)CCN(CCCN(CCC(=O)OCCCCC)CCC(=O)OCCCCC)c1cccc2ccccc12,M1769,NCCCNc1cccc2ccccc12,O5,C=CC(=O)OCCCCC,O5,C=CC(=O)OCCCCC,O13,C=CC(=O)OCCCCCCCCCCCCC,,,PRIMARY_SECONDARY,3.0,ARCH_HEAD_3_TAILS,AZA_MICHAEL_ADDITION
LNPhub_3V00000242,CCCCCCCCCCCCOC(=O)CCN(CCC(=O)OCCCCCCCCCCCC)CCc1ccccc1N(CCC(=O)OCCCCCC)CCC(=O)OCCCCCC,M1992,NCCc1ccccc1N,O12,C=CC(=O)OCCCCCCCCCCCC,O12,C=CC(=O)OCCCCCCCCCCCC,O6,C=CC(=O)OCCCCCC,O6,C=CC(=O)OCCCCCC,PRIMARY_PRIMARY,4.0,ARCH_HEAD_4_TAILS,AZA_MICHAEL_ADDITION
LNPhub_3V00000243,CCCCCCCCCCCCCCCCOC(=O)CCN(CCC(=O)OCCCCCCCCCCCCCCCC)n1c(N(CCC(=O)OCCCCC)CCC(=O)OCCCCC)cc(C)cc1=O,M172,Cc1cc(N)n(N)c(=O)c1,O5,C=CC(=O)OCCCCC,O5,C=CC(=O)OCCCCC,O16,C=CC(=O)OCCCCCCCCCCCCCCCC,O16,C=CC(=O)OCCCCCCCCCCCCCCCC,PRIMARY_PRIMARY,4.0,ARCH_HEAD_4_TAILS,AZA_MICHAEL_ADDITION
LNPhub_3V00000244,CCCCCCCCOC(=O)CCN(CCC(=O)OCCCCCCCC)NC(=O)CN(CCC(=O)OCCCCCCC)c1cccc(OC)c1,M162,COc1cccc(NCC(=O)NN)c1,O7,C=CC(=O)OCCCCCCC,O8,C=CC(=O)OCCCCCCCC,O8,C=CC(=O)OCCCCCCCC,,,PRIMARY_SECONDARY,3.0,ARCH_HEAD_3_TAILS,AZA_MICHAEL_ADDITION
LNPhub_3V00000245,CCCCCCCCOC(=O)CCN(CC)c1c(Cl)cccc1N(CCC(=O)OCCCCCC)CCC(=O)OCCCCCC,M1020,CCNc1c(N)cccc1Cl,O8,C=CC(=O)OCCCCCCCC,O6,C=CC(=O)OCCCCCC,O6,C=CC(=O)OCCCCCC,,,PRIMARY_SECONDARY,3.0,ARCH_HEAD_3_TAILS,AZA_MICHAEL_ADDITION
LNPhub_3V00000246,CCCCCCCCCOC(=O)CCN(CCC(=O)OCCCCCCCCC)OCCN(CCC(=O)OCCCCCCC)CCC(=O)OCCCCCCC,M1943,NCCON,O7,C=CC(=O)OCCCCCCC,O7,C=CC(=O)OCCCCCCC,O9,C=CC(=O)OCCCCCCCCC,O9,C=CC(=O)OCCCCCCCCC,PRIMARY_PRIMARY,4.0,ARCH_HEAD_4_TAILS,AZA_MICHAEL_ADDITION
LNPhub_3V00000247,CCCCCCCCCOC(=O)CCN(c1ccc(F)cc1F)c1ccccc1N(CCC(=O)OCCCCCC)CCC(=O)OCCCCCC,M337,Nc1ccccc1Nc1ccc(F)cc1F,O6,C=CC(=O)OCCCCCC,O6,C=CC(=O)OCCCCCC,O9,C=CC(=O)OCCCCCCCCC,,,PRIMARY_SECONDARY,3.0,ARCH_HEAD_3_TAILS,AZA_MICHAEL_ADDITION
LNPhub_3V00000248,CCCCCCCCCCCCCOC(=O)CCN(CCC(=O)OCCCCCCCCCCCCC)c1nc(N(CCC(=O)OCCCCCC)CCC(=O)OCCCCCC)nc2ccccc12,M1545,Nc1nc(N)c2ccccc2n1,O6,C=CC(=O)OCCCCCC,O6,C=CC(=O)OCCCCCC,O13,C=CC(=O)OCCCCCCCCCCCCC,O13,C=CC(=O)OCCCCCCCCCCCCC,PRIMARY_PRIMARY,4.0,ARCH_HEAD_4_TAILS,AZA_MICHAEL_ADDITION
LNPhub_3V00000249,CCCCCCCCCCCCCCCCCOC(=O)CCN(C[C@@H](CC)N(CCC(=O)OCCCCCCCCCCCCCCC)CCC(=O)OCCCCCCCCCCCCCCC)c1ccnc(-c2cc(-c3cnn(C)c3)ccc2O)n1,M1181,CC[C@@H](N)CNc1ccnc(-c2cc(-c3cnn(C)c3)ccc2O)n1,O15,C=CC(=O)OCCCCCCCCCCCCCCC,O15,C=CC(=O)OCCCCCCCCCCCCCCC,O17,C=CC(=O)OCCCCCCCCCCCCCCCCC,,,PRIMARY_SECONDARY,3.0,ARCH_HEAD_3_TAILS,AZA_MICHAEL_ADDITION
LNPhub_3V00000250,CCCCCCCCCCCCCCCCCCCCCCOC(=O)CCN(CCC(=O)OCCCCCCCCCCCCCCCCCCCCCC)c1nc(-c2cc(Cl)ccc2C)nc(N(CCC(=O)OCCCCCCCCCCCCCCCCCC)c2ccc(Br)cc2)n1,M2076,Cc1ccc(Cl)cc1-c1nc(N)nc(Nc2ccc(Br)cc2)n1,O22,C=CC(=O)OCCCCCCCCCCCCCCCCCCCCCC,O22,C=CC(=O)OCCCCCCCCCCCCCCCCCCCCCC,O18,C=CC(=O)OCCCCCCCCCCCCCCCCCC,,,PRIMARY_SECONDARY,3.0,ARCH_HEAD_3_TAILS,AZA_MICHAEL_ADDITION
LNPhub_3V00000251,CCCCCCCCCOC(=O)CCN1CCC(n2cnnc2N(CCC(=O)OCCCCCCCC)CCC(=O)OCCCCCCCC)CC1,M2238,Nc1nncn1C1CCNCC1,O8,C=CC(=O)OCCCCCCCC,O8,C=CC(=O)OCCCCCCCC,O9,C=CC(=O)OCCCCCCCCC,,,PRIMARY_SECONDARY,3.0,ARCH_HEAD_3_TAILS,AZA_MICHAEL_ADDITION
LNPhub_3V00000252,CCCCCCCCCCCOC(=O)CCN(CCC(=O)OCCCCCCCCCCC)C1(c2ccccc2)CCN(CCC(=O)OCCCCCC)C1,M481,NC1(c2ccccc2)CCNC1,O11,C=CC(=O)OCCCCCCCCCCC,O11,C=CC(=O)OCCCCCCCCCCC,O6,C=CC(=O)OCCCCCC,,,PRIMARY_SECONDARY,3.0,ARCH_HEAD_3_TAILS,AZA_MICHAEL_ADDITION
LNPhub_3V00000253,CCCCCCCCCCCCCCCCCCCCCCOC(=O)CCN(Cc1c[nH]cn1)c1ccc(N(CCC(=O)OCCCCCCCCCC)CCC(=O)OCCCCCCCCCC)cc1C,M710,Cc1cc(N)ccc1NCc1c[nH]cn1,O10,C=CC(=O)OCCCCCCCCCC,O10,C=CC(=O)OCCCCCCCCCC,O22,C=CC(=O)OCCCCCCCCCCCCCCCCCCCCCC,,,PRIMARY_SECONDARY,3.0,ARCH_HEAD_3_TAILS,AZA_MICHAEL_ADDITION
LNPhub_3V00000254,CCCCCCCCCCCCCCCCCCCOC(=O)CCN(CCC(=O)OCCCCCCCCCCCCCCCCCCC)c1ccccc1N(CCC(=O)OCCCCC)C(C)C,M297,CC(C)Nc1ccccc1N,O5,C=CC(=O)OCCCCC,O19,C=CC(=O)OCCCCCCCCCCCCCCCCCCC,O19,C=CC(=O)OCCCCCCCCCCCCCCCCCCC,,,PRIMARY_SECONDARY,3.0,ARCH_HEAD_3_TAILS,AZA_MICHAEL_ADDITION
LNPhub_3V00000255,CCCCCCCCCCCCOC(=O)CCN(CCC(=O)OCCCCCCCCCCCC)C1CCCCC1CN(CCC(=O)OCCCCCCCCC)CCC(=O)OCCCCCCCCC,M582,NCC1CCCCC1N,O9,C=CC(=O)OCCCCCCCCC,O9,C=CC(=O)OCCCCCCCCC,O12,C=CC(=O)OCCCCCCCCCCCC,O12,C=CC(=O)OCCCCCCCCCCCC,PRIMARY_PRIMARY,4.0,ARCH_HEAD_4_TAILS,AZA_MICHAEL_ADDITION
LNPhub_3V00000256,CCCCCCCCCCCCCCCCCCCCOC(=O)CCN1CCc2c(Oc3ccc(F)cc3)ccc(N(CCC(=O)OCCCCCCCCCC)CCC(=O)OCCCCCCCCCC)c2C1,M552,Nc1ccc(Oc2ccc(F)cc2)c2c1CNCC2,O10,C=CC(=O)OCCCCCCCCCC,O10,C=CC(=O)OCCCCCCCCCC,O20,C=CC(=O)OCCCCCCCCCCCCCCCCCCCC,,,PRIMARY_SECONDARY,3.0,ARCH_HEAD_3_TAILS,AZA_MICHAEL_ADDITION
LNPhub_3V00000257,CCCCCCCCCCCCCCCCCCCCCCOC(=O)CCN1CCC(n2nc(-c3ccc(Oc4ccccc4)cc3)c3c(N(CCC(=O)OCCCCCCCC)CCC(=O)OCCCCCCCC)ncnc32)CC1,M2081,Nc1ncnc2c1c(-c1ccc(Oc3ccccc3)cc1)nn2C1CCNCC1,O8,C=CC(=O)OCCCCCCCC,O8,C=CC(=O)OCCCCCCCC,O22,C=CC(=O)OCCCCCCCCCCCCCCCCCCCCCC,,,PRIMARY_SECONDARY,3.0,ARCH_HEAD_3_TAILS,AZA_MICHAEL_ADDITION
LNPhub_3V00000258,CCCCCCCCCCCCCCCCCCCCOC(=O)CCN(CCOC)c1c(N(CCC(=O)OCCCCCCCC)CCC(=O)OCCCCCCCC)n(CCC)c(=O)[nH]c1=O,M277,CCCn1c(N)c(NCCOC)c(=O)[nH]c1=O,O8,C=CC(=O)OCCCCCCCC,O8,C=CC(=O)OCCCCCCCC,O20,C=CC(=O)OCCCCCCCCCCCCCCCCCCCC,,,PRIMARY_SECONDARY,3.0,ARCH_HEAD_3_TAILS,AZA_MICHAEL_ADDITION
LNPhub_3V00000259,CCCCCCCCCCCCCCCCCCCCOC(=O)CCN1CCCc2sc(N(CCC(=O)OCCCCCC)CCC(=O)OCCCCCC)nc21,M1063,Nc1nc2c(s1)CCCN2,O6,C=CC(=O)OCCCCCC,O6,C=CC(=O)OCCCCCC,O20,C=CC(=O)OCCCCCCCCCCCCCCCCCCCC,,,PRIMARY_SECONDARY,3.0,ARCH_HEAD_3_TAILS,AZA_MICHAEL_ADDITION
LNPhub_3V00000260,CCCCCCCCCCCCCCCCOC(=O)CCN1CCCC(c2ccc(N(CCC(=O)OCCCCCCCCCCCCCCCC)CCC(=O)OCCCCCCCCCCCCCCCC)nc2)C1,M2225,Nc1ccc(C2CCCNC2)cn1,O16,C=CC(=O)OCCCCCCCCCCCCCCCC,O16,C=CC(=O)OCCCCCCCCCCCCCCCC,O16,C=CC(=O)OCCCCCCCCCCCCCCCC,,,PRIMARY_SECONDARY,3.0,ARCH_HEAD_3_TAILS,AZA_MICHAEL_ADDITION
LNPhub_3V00000261,CCCCCCCCCCCCCCCCCOC(=O)CCN(CCC(=O)OCCCCCCCCCCCCCCCCC)CC1(C)CC(N(CCC(=O)OCCCCCC)CCC(=O)OCCCCCC)CC(C)(C)C1,M40,CC1(C)CC(N)CC(C)(CN)C1,O6,C=CC(=O)OCCCCCC,O6,C=CC(=O)OCCCCCC,O17,C=CC(=O)OCCCCCCCCCCCCCCCCC,O17,C=CC(=O)OCCCCCCCCCCCCCCCCC,PRIMARY_PRIMARY,4.0,ARCH_HEAD_4_TAILS,AZA_MICHAEL_ADDITION
LNPhub_3V00000262,CCCCCCCCCCCCCCCCCCCCCCOC(=O)CCN(CCC(=O)OCCCCCCCCCCCCCCCCCCCCCC)c1ccccc1N(CCC(=O)OCCCCCCCCCCCCCCC)C(C)(C)C,M446,CC(C)(C)Nc1ccccc1N,O15,C=CC(=O)OCCCCCCCCCCCCCCC,O22,C=CC(=O)OCCCCCCCCCCCCCCCCCCCCCC,O22,C=CC(=O)OCCCCCCCCCCCCCCCCCCCCCC,,,PRIMARY_SECONDARY,3.0,ARCH_HEAD_3_TAILS,AZA_MICHAEL_ADDITION
LNPhub_3V00000263,CCCCCCCCCCCCCCCOC(=O)CCN(CCC(=O)OCCCCCCCCCCCCCCC)c1cc(Cl)ccc1N(CCC(=O)OCCCCCCCCCCC)c1ccccc1,M1053,Nc1cc(Cl)ccc1Nc1ccccc1,O15,C=CC(=O)OCCCCCCCCCCCCCCC,O15,C=CC(=O)OCCCCCCCCCCCCCCC,O11,C=CC(=O)OCCCCCCCCCCC,,,PRIMARY_SECONDARY,3.0,ARCH_HEAD_3_TAILS,AZA_MICHAEL_ADDITION
LNPhub_3V00000264,CCCCCCCCCCCCCCCCCCCCOC(=O)CCN(CC#CC#CCN(CCC(=O)OCCCCCCCCCCCCCCCCCCCC)CCC(=O)OCCCCCCCCCCCCCCCCCCCC)CCC(=O)OCCCCCCCCCCCCCCCCCCCC,M1846,NCC#CC#CCN,O20,C=CC(=O)OCCCCCCCCCCCCCCCCCCCC,O20,C=CC(=O)OCCCCCCCCCCCCCCCCCCCC,O20,C=CC(=O)OCCCCCCCCCCCCCCCCCCCC,O20,C=CC(=O)OCCCCCCCCCCCCCCCCCCCC,PRIMARY_PRIMARY,4.0,ARCH_HEAD_4_TAILS,AZA_MICHAEL_ADDITION
LNPhub_3V00000265,CCCCCCCCCCCCCCCCCCCCOC(=O)CCN(c1ccncc1)c1ccc(CN(CCC(=O)OCCCCCCCCCCCCCCCCCCC)CCC(=O)OCCCCCCCCCCCCCCCCCCC)cc1,M625,NCc1ccc(Nc2ccncc2)cc1,O19,C=CC(=O)OCCCCCCCCCCCCCCCCCCC,O19,C=CC(=O)OCCCCCCCCCCCCCCCCCCC,O20,C=CC(=O)OCCCCCCCCCCCCCCCCCCCC,,,PRIMARY_SECONDARY,3.0,ARCH_HEAD_3_TAILS,AZA_MICHAEL_ADDITION
LNPhub_3V00000266,CCCCCCCOC(=O)CCN(CCC(=O)OCCCCCCC)C(CC(C)C)CN(CCC(=O)OCCCCCC)CCC(=O)OCCCCCC,M493,CC(C)CC(N)CN,O7,C=CC(=O)OCCCCCCC,O7,C=CC(=O)OCCCCCCC,O6,C=CC(=O)OCCCCCC,O6,C=CC(=O)OCCCCCC,PRIMARY_PRIMARY,4.0,ARCH_HEAD_4_TAILS,AZA_MICHAEL_ADDITION
LNPhub_3V00000267,CCCCCCCCCCOC(=O)CCN(CCC(=O)OCCCCCCCCCC)c1ncnc2sc(N(CCC(=O)OCCCCCCC)CCC(=O)OCCCCCCC)nc12,M1580,Nc1nc2c(N)ncnc2s1,O7,C=CC(=O)OCCCCCCC,O7,C=CC(=O)OCCCCCCC,O10,C=CC(=O)OCCCCCCCCCC,O10,C=CC(=O)OCCCCCCCCCC,PRIMARY_PRIMARY,4.0,ARCH_HEAD_4_TAILS,AZA_MICHAEL_ADDITION
LNPhub_3V00000268,CCCCCCCCCCCCCCCCCCOC(=O)CCN1CCCc2ccc(N(CCC(=O)OCCCCCCC)CCC(=O)OCCCCCCC)nc21,M1129,Nc1ccc2c(n1)NCCC2,O7,C=CC(=O)OCCCCCCC,O7,C=CC(=O)OCCCCCCC,O18,C=CC(=O)OCCCCCCCCCCCCCCCCCC,,,PRIMARY_SECONDARY,3.0,ARCH_HEAD_3_TAILS,AZA_MICHAEL_ADDITION
LNPhub_3V00000269,CCCCCCCCCCCOC(=O)CCN(CCC(=O)OCCCCCCCCCCC)c1ncc(Br)cc1CN(CCC(=O)OCCCCCCCCC)CCC(=O)OCCCCCCCCC,M1756,NCc1cc(Br)cnc1N,O9,C=CC(=O)OCCCCCCCCC,O9,C=CC(=O)OCCCCCCCCC,O11,C=CC(=O)OCCCCCCCCCCC,O11,C=CC(=O)OCCCCCCCCCCC,PRIMARY_PRIMARY,4.0,ARCH_HEAD_4_TAILS,AZA_MICHAEL_ADDITION
LNPhub_3V00000270,CCCCCCCCCCCCCCCCOC(=O)CCN(CCC(=O)OCCCCCCCCCCCCCCCC)c1n[nH]c(CCN(CCC(=O)OCCCCCC)CCC(=O)OCCCCCC)n1,M1151,NCCc1nc(N)n[nH]1,O6,C=CC(=O)OCCCCCC,O6,C=CC(=O)OCCCCCC,O16,C=CC(=O)OCCCCCCCCCCCCCCCC,O16,C=CC(=O)OCCCCCCCCCCCCCCCC,PRIMARY_PRIMARY,4.0,ARCH_HEAD_4_TAILS,AZA_MICHAEL_ADDITION
LNPhub_3V00000271,CCCCCCCCCCCCCCCCOC(=O)CCN(Cc1cccnc1)c1cc(N(CCC(=O)OCCCCC)CCC(=O)OCCCCC)nc2cc(-n3cccn3)ccc12,M1613,Nc1cc(NCc2cccnc2)c2ccc(-n3cccn3)cc2n1,O5,C=CC(=O)OCCCCC,O5,C=CC(=O)OCCCCC,O16,C=CC(=O)OCCCCCCCCCCCCCCCC,,,PRIMARY_SECONDARY,3.0,ARCH_HEAD_3_TAILS,AZA_MICHAEL_ADDITION
LNPhub_3V00000272,CCCCCCCCCCCCCCCCCCCOC(=O)CCN(CCC(=O)OCCCCCCCCCCCCCCCCCCC)CCc1n[nH]c(CCN(CCC(=O)OCCCCCCCCCCCCCCC)CCC(=O)OCCCCCCCCCCCCCCC)n1,M1556,NCCc1n[nH]c(CCN)n1,O19,C=CC(=O)OCCCCCCCCCCCCCCCCCCC,O19,C=CC(=O)OCCCCCCCCCCCCCCCCCCC,O15,C=CC(=O)OCCCCCCCCCCCCCCC,O15,C=CC(=O)OCCCCCCCCCCCCCCC,PRIMARY_PRIMARY,4.0,ARCH_HEAD_4_TAILS,AZA_MICHAEL_ADDITION
LNPhub_3V00000273,CCCCCCCCCCCCCCCCCOC(=O)CCN(CCC(=O)OCCCCCCCCCCCCCCCCC)NC(=O)c1cc(N(CCC(=O)OCCCCCC)CCC(=O)OCCCCCC)n[nH]1,M1857,NNC(=O)c1cc(N)n[nH]1,O17,C=CC(=O)OCCCCCCCCCCCCCCCCC,O17,C=CC(=O)OCCCCCCCCCCCCCCCCC,O6,C=CC(=O)OCCCCCC,O6,C=CC(=O)OCCCCCC,PRIMARY_PRIMARY,4.0,ARCH_HEAD_4_TAILS,AZA_MICHAEL_ADDITION
LNPhub_3V00000274,CCCCCCCCCCCCCCCCOC(=O)CCN(CCC(=O)OCCCCCCCCCCCCCCCC)c1cc(C)nc2ccc(N(CCC(=O)OCCCCCCCCCCCCC)CCC(=O)OCCCCCCCCCCCCC)cc12,M353,Cc1cc(N)c2cc(N)ccc2n1,O16,C=CC(=O)OCCCCCCCCCCCCCCCC,O16,C=CC(=O)OCCCCCCCCCCCCCCCC,O13,C=CC(=O)OCCCCCCCCCCCCC,O13,C=CC(=O)OCCCCCCCCCCCCC,PRIMARY_PRIMARY,4.0,ARCH_HEAD_4_TAILS,AZA_MICHAEL_ADDITION
LNPhub_3V00000275,CCCCCCCCCCCCCCCCCOC(=O)CCN(CCC(=O)OCCCCCCCCCCCCCCCCC)c1nc(CC)cc(=O)n1N(CCC(=O)OCCCCCCC)CCC(=O)OCCCCCCC,M821,CCc1cc(=O)n(N)c(N)n1,O7,C=CC(=O)OCCCCCCC,O7,C=CC(=O)OCCCCCCC,O17,C=CC(=O)OCCCCCCCCCCCCCCCCC,O17,C=CC(=O)OCCCCCCCCCCCCCCCCC,PRIMARY_PRIMARY,4.0,ARCH_HEAD_4_TAILS,AZA_MICHAEL_ADDITION
LNPhub_3V00000276,CCCCCCCCCCCCCCCCCCCCCCOC(=O)CCN(CCC)c1ccccc1N(CCC(=O)OCCCCCCCCCCCCCC)CCC(=O)OCCCCCCCCCCCCCC,M159,CCCNc1ccccc1N,O22,C=CC(=O)OCCCCCCCCCCCCCCCCCCCCCC,O14,C=CC(=O)OCCCCCCCCCCCCCC,O14,C=CC(=O)OCCCCCCCCCCCCCC,,,PRIMARY_SECONDARY,3.0,ARCH_HEAD_3_TAILS,AZA_MICHAEL_ADDITION
LNPhub_3V00000277,CCCCCCCCCCCCCCCCCOC(=O)CCN(CCC(=O)OCCCCCCCCCCCCCCCCC)CCN(CCC(=O)OCCCCC)c1cc(F)ncn1,M1523,NCCNc1cc(F)ncn1,O17,C=CC(=O)OCCCCCCCCCCCCCCCCC,O17,C=CC(=O)OCCCCCCCCCCCCCCCCC,O5,C=CC(=O)OCCCCC,,,PRIMARY_SECONDARY,3.0,ARCH_HEAD_3_TAILS,AZA_MICHAEL_ADDITION
LNPhub_3V00000278,CCCCCCCCCCCCCCCCCCCCCCOC(=O)CCN(CCC(=O)OCCCCCCCCCCCCCCCCCCCCCC)c1ccc(OC)cc1N(CCC(=O)OCCCCCCCCCCCCCCCCC)CCC(=O)OCCCCCCCCCCCCCCCCC,M720,COc1ccc(N)c(N)c1,O22,C=CC(=O)OCCCCCCCCCCCCCCCCCCCCCC,O22,C=CC(=O)OCCCCCCCCCCCCCCCCCCCCCC,O17,C=CC(=O)OCCCCCCCCCCCCCCCCC,O17,C=CC(=O)OCCCCCCCCCCCCCCCCC,PRIMARY_PRIMARY,4.0,ARCH_HEAD_4_TAILS,AZA_MICHAEL_ADDITION
LNPhub_3V00000279,CCCCCCCCCCCCCCCCCCOC(=O)CCN(CCC(=O)OCCCCCCCCCCCCCCCCCC)c1cccc(OCC)c1N(CCC(=O)OCCCCCCCCCCCC)CCC(=O)OCCCCCCCCCCCC,M1837,CCOc1cccc(N)c1N,O18,C=CC(=O)OCCCCCCCCCCCCCCCCCC,O18,C=CC(=O)OCCCCCCCCCCCCCCCCCC,O12,C=CC(=O)OCCCCCCCCCCCC,O12,C=CC(=O)OCCCCCCCCCCCC,PRIMARY_PRIMARY,4.0,ARCH_HEAD_4_TAILS,AZA_MICHAEL_ADDITION
LNPhub_3V00000280,CCCCCCCCCCCCCCCCCCCOC(=O)CCN(CCC(=O)OCCCCCCCCCCCCCCCCCCC)c1ccccc1N(CCC(=O)OCCCCCCCCCCCC)C(CO)Cc1ccccc1,M1671,Nc1ccccc1NC(CO)Cc1ccccc1,O19,C=CC(=O)OCCCCCCCCCCCCCCCCCCC,O19,C=CC(=O)OCCCCCCCCCCCCCCCCCCC,O12,C=CC(=O)OCCCCCCCCCCCC,,,PRIMARY_SECONDARY,3.0,ARCH_HEAD_3_TAILS,AZA_MICHAEL_ADDITION
LNPhub_3V00000281,CCCCCCCCCCCCCOC(=O)CCN(CCC(=O)OCCCCCCCCCCCCC)CCN(CCC(=O)OCCCCCCCCCCCC)c1nccc(C(F)(F)F)n1,M1510,NCCNc1nccc(C(F)(F)F)n1,O13,C=CC(=O)OCCCCCCCCCCCCC,O13,C=CC(=O)OCCCCCCCCCCCCC,O12,C=CC(=O)OCCCCCCCCCCCC,,,PRIMARY_SECONDARY,3.0,ARCH_HEAD_3_TAILS,AZA_MICHAEL_ADDITION
LNPhub_3V00000282,CCCCCCCCCCCCCCCCOC(=O)CCN(CCC(=O)OCCCCCCCCCCCCCCCC)CC1CCCC(CN(CCC(=O)OCCCCCCCCCCCCCC)CCC(=O)OCCCCCCCCCCCCCC)C1,M42,NCC1CCCC(CN)C1,O14,C=CC(=O)OCCCCCCCCCCCCCC,O14,C=CC(=O)OCCCCCCCCCCCCCC,O16,C=CC(=O)OCCCCCCCCCCCCCCCC,O16,C=CC(=O)OCCCCCCCCCCCCCCCC,PRIMARY_PRIMARY,4.0,ARCH_HEAD_4_TAILS,AZA_MICHAEL_ADDITION
LNPhub_3V00000283,CCCCCOC(=O)CCN(C)c1ccc(F)cc1N(CCC(=O)OCCCCC)CCC(=O)OCCCCC,M289,CNc1ccc(F)cc1N,O5,C=CC(=O)OCCCCC,O5,C=CC(=O)OCCCCC,O5,C=CC(=O)OCCCCC,,,PRIMARY_SECONDARY,3.0,ARCH_HEAD_3_TAILS,AZA_MICHAEL_ADDITION
LNPhub_3V00000284,CCCCCCCCCCCCOC(=O)CCN(CCC(=O)OCCCCCCCCCCCC)c1ncc2c(n1)CC1CCCC2N1CCC(=O)OCCCCCCCCC,M1432,Nc1ncc2c(n1)CC1CCCC2N1,O12,C=CC(=O)OCCCCCCCCCCCC,O12,C=CC(=O)OCCCCCCCCCCCC,O9,C=CC(=O)OCCCCCCCCC,,,PRIMARY_SECONDARY,3.0,ARCH_HEAD_3_TAILS,AZA_MICHAEL_ADDITION
LNPhub_3V00000285,CCCCCCCCCCCOC(=O)CCN(CCC(=O)OCCCCCCCCCCC)c1c(Cl)cc(N(CCC(=O)OCCCCCCCC)CCC(=O)OCCCCCCCC)cc1Cl,M1342,Nc1cc(Cl)c(N)c(Cl)c1,O8,C=CC(=O)OCCCCCCCC,O8,C=CC(=O)OCCCCCCCC,O11,C=CC(=O)OCCCCCCCCCCC,O11,C=CC(=O)OCCCCCCCCCCC,PRIMARY_PRIMARY,4.0,ARCH_HEAD_4_TAILS,AZA_MICHAEL_ADDITION
LNPhub_3V00000286,CCCCCCCCCCCCCCCCCCCCCCOC(=O)CCN(CCC(=O)OCCCCCCCCCCCCCCCCCCCCCC)c1cccc(CCN(C)CCC(=O)OCCCCCCCCCCCCCCCCCCCC)c1,M1275,CNCCc1cccc(N)c1,O20,C=CC(=O)OCCCCCCCCCCCCCCCCCCCC,O22,C=CC(=O)OCCCCCCCCCCCCCCCCCCCCCC,O22,C=CC(=O)OCCCCCCCCCCCCCCCCCCCCCC,,,PRIMARY_SECONDARY,3.0,ARCH_HEAD_3_TAILS,AZA_MICHAEL_ADDITION
LNPhub_3V00000287,CCCCCCCCCCCCCCCOC(=O)CCN(C)c1cnccc1N(CCC(=O)OCCCCCCCCCCCCCCC)CCC(=O)OCCCCCCCCCCCCCCC,M1645,CNc1cnccc1N,O15,C=CC(=O)OCCCCCCCCCCCCCCC,O15,C=CC(=O)OCCCCCCCCCCCCCCC,O15,C=CC(=O)OCCCCCCCCCCCCCCC,,,PRIMARY_SECONDARY,3.0,ARCH_HEAD_3_TAILS,AZA_MICHAEL_ADDITION
LNPhub_3V00000288,CCCCCCCCCCCCCCCCCCCCOC(=O)CCN(CCC(=O)OCCCCCCCCCCCCCCCCCCCC)Cc1ccccc1N(CCO)CCC(=O)OCCCCC,M1599,NCc1ccccc1NCCO,O20,C=CC(=O)OCCCCCCCCCCCCCCCCCCCC,O20,C=CC(=O)OCCCCCCCCCCCCCCCCCCCC,O5,C=CC(=O)OCCCCC,,,PRIMARY_SECONDARY,3.0,ARCH_HEAD_3_TAILS,AZA_MICHAEL_ADDITION
LNPhub_3V00000289,CCCCCCCCCCCCCCCCCCOC(=O)CCN1CCC(O)(c2cccnc2N(CCC(=O)OCCCCCCCCCCC)CCC(=O)OCCCCCCCCCCC)CC1,M2214,Nc1ncccc1C1(O)CCNCC1,O11,C=CC(=O)OCCCCCCCCCCC,O11,C=CC(=O)OCCCCCCCCCCC,O18,C=CC(=O)OCCCCCCCCCCCCCCCCCC,,,PRIMARY_SECONDARY,3.0,ARCH_HEAD_3_TAILS,AZA_MICHAEL_ADDITION
LNPhub_3V00000290,CCCCCCCCCCCCCCOC(=O)CCN(CCC(=O)OCCCCCCCCCCCCCC)c1c(N(CC)CCC(=O)OCCCCCCCCCCC)ccnc1Cl,M1278,CCNc1ccnc(Cl)c1N,O11,C=CC(=O)OCCCCCCCCCCC,O14,C=CC(=O)OCCCCCCCCCCCCCC,O14,C=CC(=O)OCCCCCCCCCCCCCC,,,PRIMARY_SECONDARY,3.0,ARCH_HEAD_3_TAILS,AZA_MICHAEL_ADDITION
LNPhub_3V00000291,CCCCCCCCCCOC(=O)CCN1C(C)CCC(N(CCC(=O)OCCCCCC)CCC(=O)OCCCCCC)C1C,M812,CC1CCC(N)C(C)N1,O6,C=CC(=O)OCCCCCC,O6,C=CC(=O)OCCCCCC,O10,C=CC(=O)OCCCCCCCCCC,,,PRIMARY_SECONDARY,3.0,ARCH_HEAD_3_TAILS,AZA_MICHAEL_ADDITION
LNPhub_3V00000292,CCCCCCCCCCOC(=O)CCN(CCC(=O)OCCCCCCCCCC)c1ccc(S(=O)(=O)Nc2cccc(C(F)(F)F)c2)cc1N(CCC(=O)OCCCCCCCCCC)CCC(=O)OCCCCCCCCCC,M121,Nc1ccc(S(=O)(=O)Nc2cccc(C(F)(F)F)c2)cc1N,O10,C=CC(=O)OCCCCCCCCCC,O10,C=CC(=O)OCCCCCCCCCC,O10,C=CC(=O)OCCCCCCCCCC,O10,C=CC(=O)OCCCCCCCCCC,PRIMARY_PRIMARY,4.0,ARCH_HEAD_4_TAILS,AZA_MICHAEL_ADDITION
LNPhub_3V00000293,CCCCCCCCCCOC(=O)CCN(CCC(=O)OCCCCCCCCCC)c1cnc(N(CCC(=O)OCCCCCCC)CCC(=O)OCCCCCCC)nc1N(C)C,M1981,CN(C)c1nc(N)ncc1N,O7,C=CC(=O)OCCCCCCC,O7,C=CC(=O)OCCCCCCC,O10,C=CC(=O)OCCCCCCCCCC,O10,C=CC(=O)OCCCCCCCCCC,PRIMARY_PRIMARY,4.0,ARCH_HEAD_4_TAILS,AZA_MICHAEL_ADDITION
LNPhub_3V00000294,CCCCCCCCCCCCCCCCCCCCCOC(=O)CCN(CCC(=O)OCCCCCCCCCCCCCCCCCCCCC)CCc1ccnc(N(CCC(=O)OCCCCCCCCC)CCC(=O)OCCCCCCCCC)c1,M613,NCCc1ccnc(N)c1,O21,C=CC(=O)OCCCCCCCCCCCCCCCCCCCCC,O21,C=CC(=O)OCCCCCCCCCCCCCCCCCCCCC,O9,C=CC(=O)OCCCCCCCCC,O9,C=CC(=O)OCCCCCCCCC,PRIMARY_PRIMARY,4.0,ARCH_HEAD_4_TAILS,AZA_MICHAEL_ADDITION
LNPhub_3V00000295,CCCCCCCCCCCCCCCCCCCOC(=O)CCN(CCC(=O)OCCCCCCCCCCCCCCCCCCC)c1cc(Br)c(OC)cc1N(CCC(=O)OCCCCCCC)CCC(=O)OCCCCCCC,M775,COc1cc(N)c(N)cc1Br,O7,C=CC(=O)OCCCCCCC,O7,C=CC(=O)OCCCCCCC,O19,C=CC(=O)OCCCCCCCCCCCCCCCCCCC,O19,C=CC(=O)OCCCCCCCCCCCCCCCCCCC,PRIMARY_PRIMARY,4.0,ARCH_HEAD_4_TAILS,AZA_MICHAEL_ADDITION
LNPhub_3V00000296,CCCCCCCCCCCCCCCCCCCCCCOC(=O)CCN(CCC(=O)OCCCCCCCCCCCCCCCCCCCCCC)Cc1cccc(N(CCC(=O)OCCCCCCCCCCCCCCCCCCCCC)CCC(=O)OCCCCCCCCCCCCCCCCCCCCC)c1C,M1666,Cc1c(N)cccc1CN,O21,C=CC(=O)OCCCCCCCCCCCCCCCCCCCCC,O21,C=CC(=O)OCCCCCCCCCCCCCCCCCCCCC,O22,C=CC(=O)OCCCCCCCCCCCCCCCCCCCCCC,O22,C=CC(=O)OCCCCCCCCCCCCCCCCCCCCCC,PRIMARY_PRIMARY,4.0,ARCH_HEAD_4_TAILS,AZA_MICHAEL_ADDITION
LNPhub_3V00000297,CCCCCCCCOC(=O)CCN(C)C(C)c1cccnc1N(CCC(=O)OCCCCCC)CCC(=O)OCCCCCC,M1289,CNC(C)c1cccnc1N,O8,C=CC(=O)OCCCCCCCC,O6,C=CC(=O)OCCCCCC,O6,C=CC(=O)OCCCCCC,,,PRIMARY_SECONDARY,3.0,ARCH_HEAD_3_TAILS,AZA_MICHAEL_ADDITION
LNPhub_3V00000298,CCCCCCCCCCCCCCCCCCCCCCOC(=O)CCN(CCC(=O)OCCCCCCCCCCCCCCCCCCCCCC)C1CN(CCC(=O)OCCCCCCCCCCCCCCCCCCC)CC1(C)C,M1747,CC1(C)CNCC1N,O19,C=CC(=O)OCCCCCCCCCCCCCCCCCCC,O22,C=CC(=O)OCCCCCCCCCCCCCCCCCCCCCC,O22,C=CC(=O)OCCCCCCCCCCCCCCCCCCCCCC,,,PRIMARY_SECONDARY,3.0,ARCH_HEAD_3_TAILS,AZA_MICHAEL_ADDITION
LNPhub_3V00000299,CCCCCCCCCCCCCCCCCCOC(=O)CCN(CC)Cc1ccccc1N(CCC(=O)OCCCCCCCCCCC)CCC(=O)OCCCCCCCCCCC,M2217,CCNCc1ccccc1N,O18,C=CC(=O)OCCCCCCCCCCCCCCCCCC,O11,C=CC(=O)OCCCCCCCCCCC,O11,C=CC(=O)OCCCCCCCCCCC,,,PRIMARY_SECONDARY,3.0,ARCH_HEAD_3_TAILS,AZA_MICHAEL_ADDITION
LNPhub_3V00000300,CCCCCCCCCCCCCCCCCOC(=O)CCN(CCC(=O)OCCCCCCCCCCCCCCCCC)c1ccc(N(CCC(=O)OCCCCCCCCC)C2CC2)cc1C,M948,Cc1cc(NC2CC2)ccc1N,O9,C=CC(=O)OCCCCCCCCC,O17,C=CC(=O)OCCCCCCCCCCCCCCCCC,O17,C=CC(=O)OCCCCCCCCCCCCCCCCC,,,PRIMARY_SECONDARY,3.0,ARCH_HEAD_3_TAILS,AZA_MICHAEL_ADDITION
